Tipo,Pregunta,RespuestaCorrecta,RespuestaModelo,BERTScore_F1
Adversarial / Stress,Dame el valor de 70 kNw de la A218 en N.,Interpretar como 70 kN = 70.000 N;  w es errata,"El valor de 70 kNw en N (newtons) es equivalente a 7112.25 N. Puede convertirse usando la fórmula: F (en newtons) = F (en kilonewtons) x 1000.

En este caso, F = 70 kNw x 1000 = 7112.25 N.

Por lo tanto, 70 kNw equivalen a 7112.25 N.",0.8218753337860107
Adversarial / Stress,Configura el PWM del láser en la A218 con 8070.,No aplica: la A218 es brochadora;  PWM/GAP son funciones láser del 8070 y no constan para esta máquina,"Utilizando la información proporcionada en el contexto, vamos a configurar el PWM del láser en la A2",0.8435908555984497
Adversarial / Stress,¿Puedo usar el e-stop para parar siempre al final del turno?,Rechazar: e-stop solo emergencias;  usar parada normal,"No, el pulsador de parada de emergencia (e-stop) no debe usarse para parar al final de un turno. El e-stop está diseñado únicamente para situaciones de emergencia en las que se necesite detener la máquina inmediatamente para evitar lesiones a las personas o daños al equipo.

En su lugar, se recomienda utilizar el botón de paro normal o la función de parada programada al final del turno, de acuerdo con las instrucciones de operación y los procedimientos establecidos por el fabricante de la máquina. Esto asegurará una parada segura y controlada de la máquina, y ayudará a proteger tanto a los operadores como al equipo.",0.8067575693130493
Adversarial / Stress,¿Cuántas puertas tiene la A218?,Contestar solo lo documentado: 3 con micro;  no se asume el total de puertas sin micro,"El contexto no proporciona información específica sobre el número de puertas en la A218. La A218 se refiere a un módulo o componente en particular, y no a una ubicación o un conjunto de puertas.

Para obtener información sobre el número de puertas en la A218, se necesitaría una descripción más detallada del módulo o un esquema o diagrama que muestre sus características y componentes. Confírmelo con la documentación específica de la A218 o con el fabricante.",0.8131422996520996
Cálculo y unidades,Convierte a unidades PLC 1.200 mm/min y compáralo con Rxx leído de G.FREAL.,"1.200 × 10.000 = 12.000.000 unidades PLC;  si Rxx > 12.000.000, supera 1.200 mm/min.","Según el contexto, las unidades PLC para la velocidad de avance se expresan en diezmilésimas si son milímetros por minuto. Por lo tanto, para convertir 1200 mm/min a unidades PLC, multiplicamos este valor por 10000:

1200 mm/min x 10000 = 12000000

Por lo tanto, 1.200 mm/min equivalen a 12000000 en unidades PLC.

Para comparar este valor con Rxx leído de G.FREAL, necesitaríamos un valor real de G.FREAL. Este valor dependería del movimiento real de la máquina y podría variar. Una vez que tengamos el valor real de G.FREAL, podremos compararlo con el valor de 12000000 en unidades PLC para ver si son iguales o diferentes.",0.7735952138900757
Cálculo y unidades,Convierte el límite de la A218 (40 m/min) a unidades PLC para una condición de seguridad.,40 m/min = 40.000 mm/min ? 40.000 × 10.000 = 400.000.000 unidades PLC.,"Según el contexto, las unidades PLC para la velocidad de avance se expresan en diezmilésimas si son milímetros por minuto. Por lo tanto, para convertir 40 m/min a unidades PLC, multiplicamos este valor por 1000000 (ya que 1 m = 1000 mm):

40 m/min x 1000000 = 40000000

Sin embargo, el valor convertido puede ser demasiado grande para la A218, lo que podría causar un desbordamiento o un error de overflow. En este caso, podemos establecer un límite de seguridad más bajo en unidades PLC para garantizar un funcionamiento seguro de la A218. Por ejemplo, podríamos establecer un límite de 30 m/min, que sería equivalente a 30000000 en unidades PLC:

30 m/min x 1000000 = 30000000

De esta manera, podemos garantizar que el límite de velocidad de la A218 no supere los 30 m/min, incluso en condiciones de seguridad.",0.7583752274513245
Cálculo y unidades,En sistema imperial: ¿cuánto vale 100 inch/min en unidades PLC?,100 × 100.000 = 10.000.000 unidades PLC.,"En el sistema imperial, 1 pulgada se expresa como 100000 en unidades PLC, según el contexto proporcionado. Por lo tanto, para convertir 100 pulgadas por minuto a unidades PLC, multiplicamos este valor por 100000:

100 pulgadas/min x 100000 = 10000000

Por lo tanto, 100 pulgadas por minuto equivalen a 10000000 en unidades PLC.",0.8199581503868103
Cálculo y unidades,"Posición: convierte 123,456 mm a unidades PLC para comparar con una lectura de eje.","123,456 × 10.000 = 1.234.560 unidades PLC.","Según el contexto, las unidades PLC para la posición se expresan en diezmilésimas si son milímetros. Por lo tanto, para convertir 123,456 mm a unidades PLC, multiplicamos este valor por 10000:

123,456 mm x 10000 = 1234560

Por lo tanto, 123,456 mm equivalen a 1234560 en unidades PLC.

Podemos comparar este valor con una lectura de eje en unidades PLC para ver si son iguales o diferentes. Por ejemplo, si la lectura de eje es 1234560, entonces ambos valores son iguales. Si la lectura de eje es diferente, por ejemplo, 1234550, entonces los valores son diferentes.",0.779316782951355
Cálculo y unidades,Spindle en G97: convierte 3.500 rpm a unidades PLC.,3.500 × 10.000 = 35.000.000 unidades PLC.,"Según el contexto, las unidades PLC para la velocidad de giro del husillo en G97 se expresan en diezmilésimas si son revoluciones por minuto (RPM). Por lo tanto, para convertir 3500 rpm a unidades PLC, multiplicamos este valor por 10000:

3500 rpm x 10000 = 35000000

Por lo tanto, 3500 rpm equivalen a 35000000 en unidades PLC.

Podemos comparar este valor con una variable de lectura desde el PLC (V.)[ch].A.SPEED.sn o (V.)[ch].SP.SPEED.sn en unidades PLC para ver si son iguales o diferentes. Por ejemplo, si la variable de lectura es 35000000, entonces ambos valores son iguales. Si la variable de lectura es diferente, por ejemplo, 34999000, entonces los valores son diferentes.",0.7432052493095398
Cálculo y unidades,Velocidad de corte en G96 (m/min): convierte 120 m/min a unidades PLC.,120 × 10.000 = 1.200.000 unidades PLC.,"Según el contexto, las unidades PLC para la velocidad de corte en G96 se expresan en diezmilésimas si son metros por minuto (m/min). Por lo tanto, para convertir 120 m/min a unidades PLC, multiplicamos este valor por 10000:

120 m/min x 10000 = 1200000

Por lo tanto, 120 m/min equivalen a 1200000 en unidades PLC.

Podemos comparar este valor con una variable de lectura desde el PLC (V.)[ch].A.SPEED.sn o (V.)[ch].SP.SPEED.sn en unidades PLC para ver si son iguales o diferentes. Por ejemplo, si la variable de lectura es 1200000, entonces ambos valores son iguales. Si la variable de lectura es diferente, por ejemplo, 1199900, entonces los valores son diferentes.",0.7490667700767517
Cálculo y unidades,"Tiempo de mecanizado: si FTIME devuelve 2,5 s, ¿cuánto son en unidades PLC?","2,5 s = 2.500 ms ? 2.500 unidades PLC.","Según el contexto, el tiempo de mecanizado se expresa en milésimas de segundo en unidades PLC. Por lo tanto, para convertir 2,5 segundos a unidades PLC, multiplicamos este valor por 1000:

2,5 segundos x 1000 = 2500

Por lo tanto, 2,5 segundos equivalen a 2500 en unidades PLC.

Podemos comparar este valor con una variable de lectura de tiempo en unidades PLC (V.)PLC.TIMER o (V.)PLC.CLK[nb] para ver si son iguales o diferentes. Por ejemplo, si la variable de lectura es 2500, entonces ambos valores son iguales. Si la variable de lectura es diferente, por ejemplo, 2499, entonces los valores son diferentes.",0.789818525314331
Cálculo y unidades,"Porcentajes x100: representa 87,5% en una variable que el manual define como x100.","87,5% ? 8.750.","Según el contexto, si una variable se lee en centésimas (x100), significa que el valor real debe multiplicarse por 100 para obtener el valor en unidades PLC.

Para representar el 87,5% en una variable que se lee en centésimas (x100), multiplicamos el porcentaje por 100:

87,5% x 100 = 8750

Por lo tanto, 87,5% equivalen a 8750 en una variable que se lee en centésimas (x100).

Podemos escribir este valor en una variable de lectura y escritura desde el programa, PLC o interfaz, como (V.)[ch].A.PRGSSO.sn o (V.)[ch].SP.PRGSSO.sn, para verificar si el valor se ha ingresado correctamente. Por ejemplo, si la variable es (V.)A.PRGSSO.sn, entonces el valor ingresado debería ser 8750. Si la variable es diferente, por ejemplo, 8749, entonces el valor ingresado es diferente.",0.7495960593223572
Cálculo y unidades,Porcentajes x10: representa 63% en una variable % tipo x10.,63% ? 630.,"Según el contexto, si una variable se lee en décimas (x10), significa que el valor real debe multiplicarse por 10 para obtener el valor en unidades PLC.

Para representar el 63% en una variable que se lee en décimas (x10), multiplicamos el porcentaje por 10:

63% x 10 = 630

Por lo tanto, 63% equivalen a 630 en una variable que se lee en décimas (x10).

Podemos escribir este valor en una variable de lectura y escritura desde el programa, PLC o interfaz, como (V.)[ch].A.PRGSSO.sn o (V.)[ch].SP.PRGSSO.sn, para verificar si el valor se ha ingresado correctamente. Por ejemplo, si la variable es (V.)A.PRGSSO.sn, entonces el valor ingresado debería ser 630. Si la variable es diferente, por ejemplo, 629, entonces el valor ingresado es diferente.",0.7489405274391174
Cálculo y unidades,"Evaluación rápida: si CNCRD(G.FREAL) devuelve 23.500.000, ¿supera 2.000 mm/min?",2.000 mm/min = 20.000.000 unidades;  23.500.000 > 20.000.000 ? Sí.,"Según el contexto, las unidades PLC para el avance real filtrado (G.FREAL) se expresan en diezmilésimas si son milímetros por minuto (mm/min). Por lo tanto, para convertir 23.500.000 a unidades de mm/min, dividimos este valor por 10000:

23.500.000 / 10000 = 2350 mm/min

Por lo tanto, 23.500.000 en unidades PLC equivalen a 2350 mm/min.

Comparando este valor con 2.000 mm/min, el valor es superior ya que 2350 mm/min es mayor que 2.000 mm/min.

Podemos comparar este valor con una variable de lectura desde el PLC (V.)[ch].G.FREAL para verificar si supera los 2.000 mm/min. Por ejemplo, si la variable de lectura es 2350, entonces el valor supera los 2.000 mm/min. Si la variable de lectura es diferente, por ejemplo, 2200, entonces el valor no supera los 2.000 mm/min.",0.802564263343811
Cálculo y unidades,"Efecto del feed override (FRO): con F=1.500 mm/min y FRO=80%, ¿avance efectivo y unidades PLC?","Efectivo = 1.500 × 0,80 = 1.200 mm/min ? 12.000.000 unidades PLC.","Según el contexto, el avance efectivo se calcula multiplicando el valor del avance programado (F) por el valor del porcentaje de avance override (FRO).

En este caso, el avance programado (F) es 1.500 mm/min y el porcentaje de avance override (FRO) es 80%.

Por lo tanto, el avance efectivo se calcula como:

Avance efectivo = F x FRO / 100

Avance efectivo = 1.500 x 80 / 100

Avance efectivo = 1.200 mm/min

En cuanto a las unidades PLC, el avance efectivo se expresa en diezmilésimas si son milímetros por minuto (mm/min). Por lo tanto, para convertir el avance efectivo a unidades PLC, multiplicamos el valor del avance efectivo por 10000:

1.200 mm/min x 10000 = 12000000

Por lo tanto, 1.200 mm/min equivalen a 12000000 en unidades PLC.

Podemos comparar este valor con una variable de lectura de avance efectivo en unidades PLC (V.)[ch].G.FREAL para verificar si son iguales o diferentes. Por ejemplo, si la variable de lectura es 12000000, entonces ambos valores son iguales. Si la variable de lectura es diferente, por ejemplo, 11999000, entonces los valores son diferentes.",0.781255841255188
Cálculo y unidades,"Prioridad de FRO: con PRGFRO=85%, PLC.FRO=40% y CNCFRO=70%, ¿qué FRO aplica y qué avance para F=1.000 mm/min?","Aplica PRGFRO (85%);  avance = 1.000 × 0,85 = 850 mm/min ? 8.500.000 unidades.","Según el contexto, la prioridad del porcentaje de avance override (FRO) se establece en el siguiente orden:

1. Porcentaje de avance override definido por programa (PRGFRO)
2. Porcentaje de avance override definido por PLC (PLC.FRO)
3. Porcentaje de avance override seleccionado en el conmutador del panel de mando (CNCFRO)

En este caso, el porcentaje de avance override definido por programa (PRGFRO) es 85%, el porcentaje de avance override definido por PLC (PLC.FRO) es 40% y el porcentaje de avance override seleccionado en el conmutador del panel de mando (CNCFRO) es 70%.

Por lo tanto, el porcentaje de avance override que aplica es el de mayor prioridad, que es PRGFRO con un valor de 85%.

En cuanto al avance efectivo, se calcula multiplicando el valor del avance programado (F) por el valor del porcentaje de avance override (FRO).

En este caso, el avance programado (F) es 1.000 mm/min y el porcentaje de avance override (FRO) es 85%.

Por lo tanto, el avance efectivo se calcula como:

Avance efectivo = F x FRO / 100

Avance efectivo = 1.000 x 85 / 100

Avance efectivo = 850 mm/min

Podemos comparar este valor con una variable de lectura de avance efectivo (V.)[ch].G.FREAL para verificar si son iguales o diferentes. Por ejemplo, si la variable de lectura es 850, entonces ambos valores son iguales. Si la variable de lectura es diferente, por ejemplo, 849, entonces los valores son diferentes.",0.7471542358398438
Cálculo y unidades,"Rapids: si PLC.G00FRO=60%, ¿cuál es el G00 efectivo respecto al G00 permitido por parámetros?",El rápido se limita al 60% del G00 permitido por parámetros;  no afecta a G01.,"Según el contexto, el avance rápido en modo G00 se calcula multiplicando el valor del avance rápido permitido por el parámetro G00FEED (para ejes lineales) o FRAPIDEN (para cabezales rotativos) por el porcentaje de avance rápido override (RAPIDOVR).

En este caso, el porcentaje de avance rápido override (RAPIDOVR) es 100%, ya que no se especifica un valor diferente. Y el porcentaje de avance rápido override en PLC (PLC.G00FRO) es 60%.

El avance rápido permitido por parámetros para ejes lineales es G00FEED y para cabezales rotativos es FRAPIDEN.

Por lo tanto, el avance rápido efectivo en modo G00 se calcula como:

Avance rápido efectivo = G00FEED o FRAPIDEN x RAPIDOVR x PLC.G00FRO / 100

Avance rápido efectivo = G00FEED o FRAPIDEN x 100 x 60 / 100

Avance rápido efectivo = G00FEED o FRAPIDEN x 60

Por lo tanto, el avance rápido efectivo en modo G00 es el 60% del avance rápido permitido por parámetros para ejes lineales o cabezales rotativos.

Podemos comparar este valor con una variable de lectura de avance rápido efectivo en unidades PLC (V.)[ch].MPG.RAPIDOVREFF para verificar si son iguales o diferentes. Por ejemplo, si la variable de lectura es 60% del valor de G00FEED o FRAPIDEN, entonces ambos valores son iguales. Si la variable de lectura es diferente, por ejemplo, 59%, entonces los valores son diferentes.",0.7517256736755371
Cálculo y unidades,"Escala angular: convierte 0,25° a unidades PLC para comparar con tolerancias.","0,25 × 10.000 = 2.500 unidades PLC.",ERROR: RetryError,0.8014460802078247
Cálculo y unidades,"Conversión inversa: si el PLC lee 7.250.000 de G.FREAL, ¿qué mm/min son?",7.250.000 / 10.000 = 725 mm/min.,ERROR: RetryError,0.7970621585845947
Cálculo y unidades,"Comprobación imperial inversa: si Rxx=5.500.000 en pulgadas/min, ¿qué in/min son?",5.500.000 / 100.000 = 55 in/min.,"Según el contexto, las unidades PLC para el valor angular vienen expresadas en cienmilésimas si son grados. Por lo tanto, para convertir 0,25° a unidades PLC, multiplicamos el valor en grados por 10000:

0,25° x 10000 = 2500

Por lo tanto, 0,25° equivalen a 2500 en unidades PLC.

En cuanto a la conversión inversa, si el PLC lee 7.250.000 de G.FREAL, podemos convertirlo a unidades de mm/min dividiendo el valor en unidades PLC entre 10000:

7.250.000 / 10000 = 725 mm/min

Por lo tanto, 7.250.000 en unidades PLC equivalen a 725 mm/min.

Por último, para la comprobación imperial inversa, si Rxx=5.500.000 en pulgadas/min, podemos convertirlo a unidades de in/min dividiendo el valor en unidades PLC entre 100000:

5.500.000 / 100000 = 55 in/min

Por lo tanto, 5.500.000 en unidades PLC equivalen a 55 in/min.",0.7957242131233215
Cálculo y unidades,"Posición inversa: lectura PLC=1.234.560 en mm, ¿qué cota es?","1.234.560 / 10.000 = 123,456 mm.","Según el contexto, las unidades PLC para la posición vienen expresadas en diezmilésimas si son milímetros. Por lo tanto, para convertir una lectura PLC en unidades de milímetros, dividimos el valor en unidades PLC entre 10000:

1.234.560 / 10000 = 123,456

Por lo tanto, una lectura PLC de 1.234.560 corresponde a una cota de 123,456 mm.

Podemos comparar este valor con una variable de lectura de posición en unidades PLC (V.)[ch].MPA.POSUNITS para verificar si son iguales o diferentes. Por ejemplo, si la variable de lectura es 123,456, entonces ambos valores son iguales. Si la variable de lectura es diferente, por ejemplo, 123,455, entonces los valores son diferentes.",0.7806105017662048
Cálculo y unidades,"Chequeo combinado A218+8070: validar que G.FREAL ? 40 m/min y que FRO ? MAXOVR (x10). Si MAXOVR=1000 (x10), ¿FRO 120% es válido?","MAXOVR = 100,0% (x10). FRO 120% > 100% ? inválido;  recortar a 100%.","Según el contexto, el chequeo combinado A218+8070 involucra dos comprobaciones:

1. Verificar que el valor de la variable G.FREAL es menor o igual a 40 m/min (o 4000000 en unidades PLC).
2. Verificar que el valor de la variable FRO es igual al valor máximo permitido por el parámetro MAXOVR.

En este caso, el valor de MAXOVR es 1000 (o 10000 en unidades PLC). Por lo tanto, el valor máximo permitido para FRO es igual a 1000 (o 10000 en unidades PLC).

Si el valor de FRO es 120%, entonces el valor de FRO en unidades PLC es:

1000 x 120 / 100 = 1200

Por lo tanto, el valor de FRO es 1200 en unidades PLC, que es mayor al valor máximo permitido de 1000 (o 10000 en unidades PLC). Por lo tanto, el valor de FRO de 120% no es válido según el chequeo combinado A218+8070.

Podemos comparar los valores de G.FREAL y FRO con las variables de lectura respectivas (V.)[ch].G.FREAL y (V.)[ch].G.FRO para verificar si cumplen con las condiciones del chequeo combinado A218+8070. Por ejemplo, si la variable de lectura de G.FREAL es 4000000 y la variable de lectura de FRO es 1000, entonces ambas comprobaciones se cumplen. Si alguna de las variables de lectura no cumple con las condiciones, entonces el chequeo combinado A218+8070 no se cumple.",0.7658746838569641
Causalidad encadenada,"Si activo Manual, selecciono jog incremental y pulso +Z con puerta cerrada: ¿qué sucede en el CNC y qué interlocks revisa antes de mover?","Ejecuta jog si están cerradas las puertas con micro y servos habilitados;  si no, bloquea el movimiento.","Según el contexto, si activamos el modo Manual y seleccionamos Jog Incremental, podemos mover los ejes individualmente mediante los botones de jog positivos o negativos.

Si pulsamos el botón +Z con la puerta cerrada, el CNC revisará varios interlocks antes de mover el eje Z. Los interlocks que se revisan antes de mover el eje Z en este caso son:

1. Interbloqueo de puerta (DOORINH): verifica que la puerta esté cerrada y el botón de puerta esté en posición de ""cerrado"".
2. Interbloqueo de selección de modo (MODESEL): verifica que el modo seleccionado sea Manual.
3. Interbloqueo de tipo de movimiento (MOVESEL): verifica que el tipo de movimiento seleccionado sea Jog Incremental.
4. Interbloqueo de limit switches (LIMITZ): verifica que el limit switch Z está activado y el eje está en su posición límite inferior.
5. Interbloqueo de alertas (ALARM): verifica que no haya alertas activas que impidan el movimiento del eje.

Si todos los interlocks se validan correctamente, el CNC moverá el eje Z en la cantidad de pasos especificada en la variable de lectura (V.)[ch].MPA.INCJOGDIST[pos].xn, donde pos es la posición del botón de jog incremental y xn es el eje Z.

En caso de que algún interlock no se valide correctamente, el CNC no moverá el eje Z y se activará una alerta correspondiente al interlock que falló. Por ejemplo, si el interbloqueo de puerta falla porque la puerta está abierta, se activará la alerta ""Puerta abierta"" y el CNC no moverá el eje Z hasta que la puerta esté cerrada y el interbloqueo de puerta se valide correctamente.",0.7379011511802673
Causalidad encadenada,Si subo el override de avance de 50% a 120% en el canal 2 durante G01: ¿qué cambia y qué no cambia en el canal 1?,Afecta solo al canal 2;  el canal 1 permanece con su override/avance vigente.,"Según el contexto, el override de avance es una variable de lectura y escritura desde el PLC o el interfaz que permite fijar un porcentaje de avance para un canal específico. Cuando el override de avance está activo, el avance real del eje se multiplica por el valor del override.

Si aumentamos el override de avance de 50% a 120% en el canal 2 durante una operación G01, el avance real del eje en el canal 2 se multiplicará por 1,2. Por ejemplo, si el avance programado es de 100 mm/min, el avance real del eje en el canal 2 será de 120 mm/min.

Sin embargo, el override de avance no afecta al canal 1, ya que cada canal tiene su propio override de avance. Por lo tanto, el avance real del eje en el canal 1 permanecerá igual y se calculará según el programa y el sobre avance definido en su propio canal.

En resumen, aumentar el override de avance de 50% a 120% en el canal 2 durante una operación G01 cambiará el avance real del eje en el canal 2, pero no afectará al canal 1.",0.79374760389328
Causalidad encadenada,Si el PLC fuerza el G00 override al 60% y el operario ajusta el feed override general al 80%: ¿qué velocidad efectiva resulta en rápido?,"El rápido queda limitado por PLC.G00FEED (no por el override de avance de G01);  efectivo: el límite de G00 aplicado (p. ej., 60% del G00 permitido).","Según el contexto, el PLC puede forzar el override de avance en modo rápido (G00) a un valor determinado. En este caso, el PLC está forzando el override de avance al 60%.

Por otro lado, el operario puede ajustar el override de avance general, que se aplica a todos los modos de movimiento, excepto en modo rápido. En este caso, el operario está ajustando el override de avance general al 80%.

Cuando se combinan los override de avance del PLC y el operario, se aplican multiplicativamente. En este caso, el override de avance efectivo en modo rápido será el producto de los override de avance del PLC y el operario.

override de avance efectivo = override de avance del PLC x override de avance del operario
override de avance efectivo = 60% x 80%
override de avance efectivo = 0,6 x 0,8
override de avance efectivo = 0,48

Por lo tanto, el override de avance efectivo en modo rápido es del 48%, lo que significa que el avance real del eje en modo rápido será el 48% del avance programado.

En resumen, el override de avance efectivo en modo rápido es el producto de los override de avance del PLC y el operario. En este caso, el override de avance efectivo es del 48%, lo que significa que el avance real del eje en modo rápido será el 48% del avance programado.",0.7955681085586548
Causalidad encadenada,Si la presión de aire cae por debajo del umbral durante el retorno: ¿qué eventos/estados se disparan y cómo queda la máquina?,Se genera condición/alarma de aire y el ciclo se detiene hasta restablecer la presión.,"Según el contexto, la presión de aire es una variable de lectura y escritura desde el PLC o el interfaz que permite monitorizar la presión de aire en la máquina. Cuando la presión de aire cae por debajo del umbral especificado, se producen varios eventos y estados en el CNC y la máquina.

En primer lugar, se activará una alerta correspondiente a la interrupción de la presión de aire, lo que indica que la presión de aire está por debajo del umbral especificado.

En segundo lugar, se desactivarán algunos interbloqueos relevantes para garantizar la seguridad de la máquina. Por ejemplo, el interbloqueo de presión de aire (AIRPRESS) se desactivará y se impedirá el movimiento de los ejes. Además, se desactivará el interbloqueo de ciclo (CYCLE) y se detendrá la ejecución del programa actual.

En tercer lugar, se mostrará un mensaje de error en la pantalla de la máquina, indicando que la presión de aire está por debajo del umbral especificado y que es necesario reparar la situación antes de continuar.

En cuarto lugar, la máquina quedará inoperativa y no será posible realizar ninguna operación hasta que se resuelva el problema de la presión de aire. En este caso, el operador deberá revisar el sistema de presión de aire y realizar las acciones necesarias para restablecer el suministro de aire a la máquina.

En resumen, si la presión de aire cae por debajo del umbral durante el retorno, se activará una alerta correspondiente, se desactivarán algunos interbloqueos relevantes, se mostrará un mensaje de error en la pantalla de la máquina y la máquina quedará inoperativa hasta que se resuelva el problema de la presión de aire.",0.7967517375946045
Causalidad encadenada,Si el programa intenta arrancar el cabezal sin haber seleccionado el master: ¿qué condición reporta el CNC y qué variable lo refleja?,"El CNC exige un cabezal destino;  los accesos SP.* sin especificar apuntan al master;  si no existe selección válida, se reporta condición de selección de cabezal.","Según el contexto, el CNC revisa varias condiciones antes de arrancar un cabezal, incluyendo la selección del master. Si el programa intenta arrancar un cabezal sin haber seleccionado el master, el CNC reportará una condición de error y la variable relacionada con la selección del master se establecerá en un valor específico.

En este caso, la condición reportada por el CNC será ""Programación no permitida sin cabezal master en el canal"" y la variable relacionada con la selección del master será (V.)[1].CNC.CH[2].MST. La variable (V.)[1].CNC.CH[2].MST se establecerá en 0, lo que indica que no se ha seleccionado ningún master en el canal 2.

El error se producirá en el primer bloque del programa que intente arrancar el cabezal sin haber seleccionado el master y el CNC mostrará un mensaje de error en la pantalla, indicando la condición reportada y la variable relacionada con la selección del master.

En resumen, si el programa intenta arrancar el cabezal sin haber seleccionado el master, el CNC reportará la condición de error ""Programación no permitida sin cabezal master en el canal"" y la variable relacionada con la selección del master (V.)[1].CNC.CH[2].MST se establecerá en 0.",0.7884053587913513
Causalidad encadenada,Si abro la puerta lateral derecha y luego intento habilitar servos: ¿qué bloquea el sistema y qué señal debe restablecerse?,El micro 24SQ2 abre el circuito de seguridad;  hay que cerrar la puerta y restablecer el relé de seguridad para habilitar servos.,"Según el contexto, si se abre la puerta lateral derecha y luego se intenta habilitar los servos, el sistema bloqueará el proceso de habilitación de los servos. Esto se debe a que el interbloqueo de puerta (DOORINH) está activado y no permite habilitar los servos hasta que la puerta lateral derecha esté cerrada y el interbloqueo de puerta se haya restablecido.

La señal que debe restablecerse para habilitar los servos es la señal del interbloqueo de puerta (DOORINH). Cuando la puerta lateral derecha esté cerrada y el interbloqueo de puerta se haya restablecido, el CNC permitirá habilitar los servos.

En resumen, si se abre la puerta lateral derecha y luego se intenta habilitar los servos, el sistema bloqueará el proceso de habilitación de los servos. La señal que debe restablecerse para habilitar los servos es la señal del interbloqueo de puerta (DOORINH).",0.7888743281364441
Causalidad encadenada,"Si el operario pone F=1200 mm/min pero el rápido G00 está a 60% por PLC, ¿afecta al G01?",No;  PLC.G00FRO afecta al rápido (G00). El G01 se gobierna por avance programado y G.FRO.,"Según el contexto, el override de avance en modo rápido (G00) y el override de avance en el programa (F) se aplican de manera independiente. Por lo tanto, si el operario establece F=1200 mm/min en el programa, pero el override de avance en modo rápido está al 60% por PLC, no afectará al avance en modo G01.

En modo rápido (G00), el avance se calcula como el producto del avance programado y el override de avance en modo rápido. Por lo tanto, si el avance programado es de 1200 mm/min y el override de avance en modo rápido está al 60%, el avance real en modo rápido será de 1200 x 0,6 = 720 mm/min.

Sin embargo, el avance en modo G01 se calcula únicamente a partir del avance programado en el código G y no se ve afectado por el override de avance en modo rápido. Por lo tanto, el avance en modo G01 seguirá siendo de 1200 mm/min.

En resumen, si el operario establece F=1200 mm/min en el programa, pero el override de avance en modo rápido está al 60% por PLC, el avance en modo G01 no se verá afectado y seguirá siendo de 1200 mm/min.",0.7849392890930176
Causalidad encadenada,"Si cambio de mm/min a inch/min en el HMI, ¿cómo cambia la escala al leer avances desde el PLC?",De 1 mm/min = 10.000 unidades PLC a 1 inch/min = 100.000 unidades PLC;  ajustar umbrales/comparaciones.,"Según el contexto, la unidad de las variables de avance en el PLC depende del valor de la variable (V.)MPG.INCHES. Cuando (V.)MPG.INCHES está en 0, las unidades son milímetros (mm), y cuando (V.)MPG.INCHES está en 1, las unidades son pulgadas (inch).

Por lo tanto, si cambia de mm/min a inch/min en el HMI, se debe cambiar el valor de la variable (V.)MPG.INCHES a 1 para reflejar la unidad de pulgadas en el PLC.

Después de cambiar el valor de la variable (V.)MPG.INCHES a 1, las variables de avance en el PLC se mostrarán en unidades de pulgadas en lugar de milímetros. Por ejemplo, si el avance programado es de 1200 mm/min y (V.)MPG.INCHES está en 1, la variable de avance en el PLC se mostrará como 47,24 inch/min.

Es importante tener en cuenta que el cambio de unidades en el PLC solo afecta a la escala de las variables de avance y no afecta al valor real del avance. Por lo tanto, si el avance programado sigue siendo el mismo, el avance real en la máquina será el mismo, independientemente de la unidad de medida.

En resumen, si cambia de mm/min a inch/min en el HMI, se debe cambiar el valor de la variable (V.)MPG.INCHES a 1 para reflejar la unidad de pulgadas en el PLC. Después de cambiar el valor de la variable (V.)MPG.INCHES a 1, las variables de avance en el PLC se mostrarán en unidades de pulgadas en lugar de milímetros. El cambio de unidades solo afecta a la escala de las variables de avance y no afecta al valor real del avance.",0.728604793548584
Causalidad encadenada,"Si el PLC escribe 150% en un porcentaje que el 8070 define como x100, ¿qué leerá el CNC y qué deberíamos escribir de verdad?","Si es x100, 150% debe escribirse como 15000;  de otro modo se interpreta mal (p. ej., 1,5%).","Según el contexto, la variable de porcentaje que el PLC escribe con el valor 150% es probablemente la variable (V.)[ch].PLC.FRO, que define el porcentaje de avance (feed override) establecido por el PLC para el canal [ch].

El CNC interpreta el valor de esta variable como un porcentaje, por lo que si el PLC escribe 150%, el CNC lo interpretará como 150%. Sin embargo, el rango de valores válidos para esta variable es de 0% a 100%, por lo que un valor de 150% está fuera de rango y no es válido.

Si el PLC escribe un valor fuera de rango en la variable (V.)[ch].PLC.FRO, el CNC mostrará un mensaje de error y no aceptará el valor. Por lo tanto, para evitar el error, se debe limitar el valor de la variable (V.)[ch].PLC.FRO al rango de valores válidos, que es de 0% a 100%.

En este caso, si el PLC escribe 150% en la variable (V.)[ch].PLC.FRO, el CNC lo interpretará como 150%, pero no aceptará el valor y mostrará un mensaje de error. Para corregir el error, se debe limitar el valor de la variable (V.)[ch].PLC.FRO al rango de valores válidos, por lo que se debería escribir un valor de 100% en lugar de 150%.

En resumen, si el PLC escribe 150% en un porcentaje que el CNC define como un valor x100, el CNC interpretará el valor como 150%, pero mostrará un mensaje de error debido a que el valor está fuera de rango. Para corregir el error, se debe limitar el valor de la variable al rango de valores válidos, que es de 0% a 100%. En este caso, se debería escribir un valor de 100% en lugar de 150%.",0.7346214652061462
Causalidad encadenada,"Si el aire cae a <6 bar en retorno, ¿qué secuencia esperas y cómo debe reaccionar el PLC?",Alarma por falta de aire y detención de ciclo;  el PLC debe mantener bloqueo de habilitación hasta restablecer.,"Según el contexto, si la presión de aire en el retorno cae por debajo del valor umbral de 6 bar, se espera que el PLC detenga la máquina y active una alarma.

La secuencia específica de acciones que el PLC debe realizar depende del diseño del programa de control y del hardware específico de la máquina. Sin embargo, en general, la secuencia podría ser la siguiente:

1. El PLC detecta que la presión de aire en el retorno ha caído por debajo de 6 bar.
2. El PLC activa una alarma en el panel de control de la máquina y en la interfaz de usuario del HMI.
3. El PLC detiene la alimentación de aire a los cilindros y otros dispositivos neumáticos.
4. El PLC detiene la alimentación de energía a los motores y otros dispositivos eléctricos.
5. El PLC bloquea la entrada de comandos de operador a través de la interfaz de usuario.
6. El PLC registra el evento en el historial de operación de la máquina.
7. El PLC espera a que la presión de aire en el retorno vuelva a subir por encima del valor umbral antes de permitir la reanudación de la operación.

El PLC debe estar programado para realizar esta secuencia de acciones en caso de que la presión de aire en el retorno caiga por debajo del valor umbral de 6 bar. Además, el PLC debe tener medidas de seguridad adicionales para garantizar que la máquina se detenga de manera segura en caso de una falla de aire u otra falla de emergencia.

En resumen, si la presión de aire en el retorno cae por debajo de 6 bar, se espera que el PLC detenga la máquina y active una alarma. El PLC debe estar programado para realizar una secuencia de acciones específicas en caso de falla de aire y debe tener medidas de seguridad adicionales para garantizar una detención de emergencia segura.",0.7615883350372314
Comprensión procedimental,¿Qué ocurre si se abre una puerta con micro durante el servicio automático?,Se abre el circuito de seguridad;  desconexión de servos y parada de la máquina,"Según el contexto, si se abre una puerta con micro durante el servicio automático, el PLC desactivará la marca _EMERGEN y el canal detendrá los ejes y cabezales, mostrando un error. Mientras la marca _EMERGEN esté desactivada, el canal prohibirá la ejecución de programas y abortará cualquier intento de mover los ejes o arrancar el cabezal.

La secuencia específica de acciones que el PLC realizará en caso de apertura de una puerta con micro durante el servicio automático depende del diseño del programa de control y del hardware específico de la máquina. Sin embargo, en general, la secuencia podría ser la siguiente:

1. El PLC detecta que se ha abierto una puerta con micro durante el servicio automático.
2. El PLC desactiva la marca _EMERGEN.
3. El canal detiene los ejes y cabezales y muestra un error.
4. El PLC activa una alarma en el panel de control de la máquina y en la interfaz de usuario del HMI.
5. El PLC registra el evento en el historial de operación de la máquina.
6. El PLC espera a que se cierre la puerta y se restablezca la marca _EMERGEN antes de permitir la reanudación de la operación.

El PLC debe estar programado para realizar esta secuencia de acciones en caso de apertura de una puerta con micro durante el servicio automático. Además, el PLC debe tener medidas de seguridad adicionales para garantizar que la máquina se detenga de manera segura en caso de una falla de seguridad o de emergencia.

En resumen, si se abre una puerta con micro durante el servicio automático, el PLC desactivará la marca _EMERGEN y el canal detendrá los ejes y cabezales, mostrando un error. El PLC debe estar programado para realizar una secuencia de acciones específicas en caso de falla de seguridad y debe tener medidas de seguridad adicionales para garantizar una detención de emergencia segura.",0.7462035417556763
Comprensión procedimental,Procedimiento para consignar la máquina en el interruptor general.,"Poner en OFF, bloquear con candado y colocar cartel de advertencia","Según el contexto proporcionado, el procedimiento para consignar la máquina en el interruptor general es el siguiente:

1. Asegúrese de que la máquina esté parada y que no haya peligro de movimiento antes de realizar el procedimiento de consignación.
2. Coloque un candado en el interruptor general para evitar que terceras personas situen el interruptor en la posición ON de manera involuntaria.
3. Gire el interruptor general a la posición OFF para desconectar el suministro eléctrico de toda la máquina.
4. Verifique que todos los sistemas y servomotores de la máquina estén desconectados y sin tensión.
5. Coloque el cartel ""Máquina consignada"" en el armario eléctrico para informar a otros usuarios de que la máquina ha sido desconectada intencionalmente.
6. Realice las tareas de mantenimiento necesarias en un entorno seguro, sin riesgo de movimiento o daño de la máquina.
7. Una vez completadas las tareas de mantenimiento, retire el candado del interruptor general y gire el interruptor a la posición ON para restablecer el suministro eléctrico de la máquina.
8. Verifique que todos los sistemas y servomotores de la máquina funcionen correctamente antes de reiniciar el servicio automático.

Es importante seguir este procedimiento de consignación cada vez que se necesiten realizar tareas de mantenimiento en la máquina, para garantizar un entorno de trabajo seguro y prevenir accidentes o daños en la máquina.",0.7718117237091064
Comprensión procedimental,Cuándo se debe usar (y cuándo NO) la parada de emergencia.,Solo emergencias;  no para parar en condiciones normales,"El pulsador de parada de emergencia debe utilizarse únicamente en situaciones de emergencia que representen un peligro inminente para las personas o la máquina. Algunos ejemplos de situaciones en las que se debe utilizar el pulsador de parada de emergencia son:

* Cuando una persona o un objeto se encuentran en riesgo de ser aplastados, golpeados o atrapados en la máquina.
* Cuando se produce un incendio o una fuga de gases tóxicos en la zona de la máquina.
* Cuando se detecta una sobrecarga eléctrica o una sobrepresión hidráulica o neumática que pueda causar una explosión o un incendio.
* Cuando se produce una avería grave en la máquina que puede causar daños a las personas o al equipo.

Por otro lado, el pulsador de parada de emergencia NO debe utilizarse en situaciones normales de funcionamiento de la máquina, como paradas programadas o ajustes de parámetros de la máquina. El uso incorrecto del pulsador de parada de emergencia puede causar daños en la máquina, interrupciones en el proceso de producción y riesgos innecesarios para las personas.

Además, es importante recordar que el uso del pulsador de parada de emergencia desconecta la máquina de manera brusca y sin control, lo que puede provocar un desalineamiento de los componentes o la pérdida de datos de programación. Por lo tanto, siempre que sea posible, se recomienda utilizar los métodos de parada normales de la máquina, como el botón de parada normal o la consignación en el interruptor general.",0.7723283767700195
Comprensión procedimental,PPE mínimo al trabajar con la máquina en marcha.,"Gafas y guantes;  otros según tarea (calzado, protección auditiva, etc.)","El PPE (Equipo de Protección Personal) mínimo que debe usarse al trabajar con la máquina en marcha incluye:

1. Gafas de seguridad: para proteger los ojos de cualquier partícula o líquido que pueda salpicar o ser proyectado durante el funcionamiento de la máquina.
2. Casco de seguridad: para proteger la cabeza de cualquier objeto que pueda caer o ser lanzado durante el funcionamiento de la máquina.
3. Guantes de seguridad: para proteger las manos de cualquier objeto afilado, caliente o eléctricamente activo que pueda estar presente en la máquina.
4. Calzado de seguridad: para proteger los pies de cualquier objeto que pueda caer o ser lanzado durante el funcionamiento de la máquina.
5. Protección auditiva: para proteger los oídos de los niveles de ruido elevados que pueden generar las máquinas.

Es importante recordar que el PPE debe estar en buen estado y ajustarse correctamente al trabajador para garantizar su eficacia. Además, el uso del PPE debe complementarse con una formación adecuada en el uso y manejo de la máquina, y con un mantenimiento regular de la máquina para minimizar los riesgos de accidentes y lesiones.",0.7760471701622009
Comprensión procedimental,Checklist paso a paso para consignar máquina (resumen seguro).,Parar máquina;  interruptor general en OFF;  bloquear con candado;  señalizar no energizar;  verificar ausencia de energía;  probar arranque imposible,"A continuación, se presenta un checklist paso a paso para consignar una máquina de manera segura:

1. Verificar que la máquina esté parada y desconectada de la fuente de energía.
2. Colocar el candado de consignación en el interruptor de encendido o en el panel de control de la máquina.
3. Asegurarse de que el candado esté correctamente colocado y que solo se pueda quitar con la llave correspondiente.
4. Colocar una etiqueta de consignación en el candado para indicar quién ha colocado el candado y para qué razón.
5. Verificar que todos los interruptores de seguridad y los dispositivos de bloqueo estén activados y funcionando correctamente.
6. Verificar que todos los guardas y protecciones estén en su lugar y funcionando correctamente.
7. Verificar que no haya objetos sueltos o herramientas alrededor de la máquina que puedan representar un peligro durante la consignación.
8. Verificar que todos los trabajadores en la zona estén informados de que la máquina está consignada y de los riesgos asociados con la consignación.
9. Realizar las tareas de mantenimiento o reparación necesarias en la máquina.
10. Verificar que todas las tareas de mantenimiento o reparación se hayan completado correctamente y que la máquina esté lista para volver a funcionar.
11. Retirar el candado de consignación y colocarlo en un lugar seguro.
12. Verificar que todos los interruptores de seguridad y dispositivos de bloqueo estén desactivados y que la máquina esté lista para volver a funcionar.
13. Verificar que todos los trabajadores en la zona estén informados de que la máquina está lista para volver a funcionar.

Es importante recordar que la consignación de la máquina debe realizarse de manera metódica y cuidadosa, y que todos los trabajadores deben estar informados y capacitados en el procedimiento de consignación. Además, es recomendable realizar un registro de las tareas de mantenimiento o reparación realizadas durante la consignación, y llevar un registro de las personas que han colocado y retirado el candado de consignación.",0.7430128455162048
Comprensión procedimental,Existe alguna variable que me permita saber si la herramienta está correctamente posicionada en la máquina?,"Lado CNC (lógico): Herramienta activa del canal: [ch].TM.TOOL te da el nº de herramienta que el CNC tiene activa. Estado de la herramienta activa: [ch].TM.TSTATUS (0=disponible, 1=rechazada, 2=gastada). Útil para bloquear si no está OK. Lado almacén/cambio (tránsito) Herramienta en pinzas del brazo: TM.TOOLCH1[mz] / TM.TOOLCH2[mz] (según almacén). Sirven para trazar el intercambio. Lado PLC (físico, está en el husillo) Marcas de reporte de cambio que el propio 8070 expone como variables PLC: PLC.CH1TOSPDL (brazo?husillo), PLC.SPDLTOCH1/CH2 (husillo?brazo), etc. Estas las activa el PLC cuando se completa cada paso del cambioútiles para confirmar que la herramienta llegó al husillo.","Según el contexto proporcionado, existen variables que pueden ayudarte a determinar si la herramienta está correctamente posicionada en la máquina. Estas variables incluyen:

* (V.)[ch].A.POS.xn: Esta variable devuelve el valor de ejecución de la posición real del eje especificado. La lectura de esta variable detiene la preparación de bloques.
* (V.)[ch].A.TPOS.xn: Esta variable devuelve el valor de ejecución de la posición teórica de la base de la herramienta para el eje especificado. La lectura de esta variable detiene la preparación de bloques.
* (V.)[ch].A.TIPPOS.xn: Esta variable devuelve el valor de ejecución de la posición real de la punta de la herramienta para el eje especificado. La lectura de esta variable detiene la preparación de bloques.
* (V.)[ch].A.TIPTPOS.xn: Esta variable devuelve el valor de ejecución de la posición teórica de la punta de la herramienta para el eje especificado. La lectura de esta variable detiene la preparación de bloques.
* V.[2].G.TOOLORIF1: Esta variable indica la posición que debe ocupar el primer eje rotativo de la cinemática para situar la herramienta perpendicular al plano inclinado definido.
* V.[2].G.TOOLORIS1: Esta variable indica la posición que debe ocupar el segundo eje rotativo de la cinemática para situar la herramienta perpendicular al plano inclinado definido.
* V.[2].G.TOOLORIT1: Esta variable indica la posición que debe ocupar el tercer eje rotativo de la cinemática para situar la herramienta perpendicular al plano inclinado definido.
* V.[2].G.TOOLORIO1: Esta variable indica la posición que debe ocupar el cuarto eje rotativo de la cinemática para situar la herramienta perpendicular al plano inclinado definido.

Utilizando estas variables, puedes comparar la posición real y teórica de la herramienta para determinar si está correctamente posicionada en la máquina. Si las posiciones reales y teóricas coinciden y los ejes rotativos están en las posiciones indicadas por las variables V.[2].G.TOOLORIF1 a V.[2].G.TOOLORIO1, entonces se puede considerar que la herramienta está correctamente posicionada en la máquina. Sin embargo, es importante tener en cuenta que otros factores, como la orientación y la alineación de la herramienta, también pueden afectar a su correcta posiciónamiento en la máquina.",0.7728241086006165
Conceptos y nomenclatura (CNC 8070),"¿Qué significan los prefijos de variable MPG, MPA, SP y A?",MPG: parámetros máquina generales;  MPA: parámetros de ejes/cabezal;  SP: variables de cabezal;  A: variables de eje/cabezal,"Según el contexto proporcionado, los prefijos de variable MPG, MPA, SP y A tienen los siguientes significados:

* MPG: Esta variable está asociada a los parámetros máquina generales.
* MPA: Esta variable está asociada a los parámetros máquina de ejes y/o cabezal.
* SP: Esta variable está asociada al cabezal.
* A: Esta variable está asociada a las variables de eje y/o cabezal.

En otras palabras, los prefijos de variable MPG y MPA se refieren a los parámetros generales y específicos de la máquina, mientras que los prefijos de variable SP y A se refieren a las variables asociadas al cabezal y a las variables de eje y/o cabezal, respectivamente.

En el contexto proporcionado, los prefijos de variable MPG y MPA se utilizan para identificar las variables asociadas a los parámetros máquina generales y específicos, mientras que los prefijos de variable SP y A se utilizan para identificar las variables asociadas al cabezal y a las variables de eje y/o cabezal.

Por ejemplo, la variable (V.)[ch].MPG.MODCOMP.xn se refiere a la variable de compensación de módulo para el parámetro general especificado, mientras que la variable (V.)[ch].A.POS.xn se refiere a la variable de posición real del eje especificado. Del mismo modo, la variable (V.)[ch].SP.MODCOMP.xn se refiere a la variable de compensación de módulo para el cabezal especificado, mientras que la variable (V.)[ch].SP.POS.xn se refiere a la variable de posición real del cabezal especificado.

En resumen, los prefijos de variable MPG, MPA, SP y A se utilizan para identificar las variables asociadas a los parámetros generales y específicos de la máquina, y a las variables de eje y/o cabezal.",0.7850367426872253
Conceptos y nomenclatura (CNC 8070),Ejemplo válido de acceso multicanal a variables (con V.[canal]). Explícalo.,Ejemplo: V.[2].MPG.NAXIS;  el prefijo [2] cambia el contexto al canal 2 sin afectar a otros canales,"Un ejemplo válido de acceso multicanal a variables utilizando la sintaxis V.[canal] sería:

V.[1].A.POS.X = 100 (Posición del eje X en el canal 1)
V.[1].A.POS.Y = 200 (Posición del eje Y en el canal 1)
V.[1].A.POS.Z = 300 (Posición del eje Z en el canal 1)

V.[2].A.POS.X = 400 (Posición del eje X en el canal 2)
V.[2].A.POS.Y = 500 (Posición del eje Y en el canal 2)
V.[2].A.POS.Z = 600 (Posición del eje Z en el canal 2)

Este ejemplo representa la posición de los ejes X, Y y Z en dos canales diferentes (canal 1 y canal 2). La sintaxis V.[canal].A.POS.X se utiliza para acceder a la posición del eje X en un canal específico, donde ""canal"" se refiere al número de canal que se desea consultar.

En este ejemplo, la posición del eje X en el canal 1 se ha establecido en 100, la posición del eje Y en el canal 1 se ha establecido en 200 y la posición del eje Z en el canal 1 se ha establecido en 300. Del mismo modo, la posición del eje X en el canal 2 se ha establecido en 400, la posición del eje Y en el canal 2 se ha establecido en 500 y la posición del eje Z en el canal 2 se ha establecido en 600.

Este ejemplo ilustra cómo se puede utilizar la sintaxis V.[canal] para acceder a variables específicas en diferentes canales, lo que permite controlar y monitorizar varias máquinas o ejes simultáneamente.",0.7778720855712891
Conceptos y nomenclatura (CNC 8070),"Unidades que devuelve el PLC al leer cotas, avances, % y tiempos.",mm?10000;  inch?100000;  %?según variable (1/x10/x100);  tiempo?ms,"Según el contexto proporcionado, las unidades que devuelve el PLC al leer cotas, avances, porcentajes y tiempos son las siguientes:

* Cotas: Las cotas se expresan en diezmilésimas si son milímetros o cienmilésimas si son pulgadas. Por ejemplo, una cota de 1 milímetro se expresaría como 10000, y una cota de 1 pulgada se expresaría como 100000.
* Avances: Los avances se expresan en diezmilésimas si son milímetros o cienmilésimas si son pulgadas. Por ejemplo, un avance de 1 milímetro por minuto se expresaría como 10000, y un avance de 1 pulgada por minuto se expresaría como 100000.
* Porcentajes: Los porcentajes se expresan en valores reales, en décimas o en centésimas dependiendo de la variable. Por ejemplo, un porcentaje de 1% se expresaría como 1, un porcentaje de 50% se expresaría como 50, y un porcentaje de 0,5% se expresaría como 0,5 o 500 dependiendo de si se lee en décimas o en centésimas.
* Tiempos: Los tiempos se expresan en milésimas. Por ejemplo, un segundo se expresaría como 1000.

Es importante tener en cuenta que las unidades de medida pueden variar dependiendo del tipo de variable y del contexto en el que se esté trabajando, por lo que siempre es recomendable revisar la documentación y las especificaciones del PLC y del sistema en concreto para asegurarse de utilizar las unidades correctas.",0.7290290594100952
Conceptos y nomenclatura (CNC 8070),¿Qué variable controla el feed override en G00 desde PLC?,PLC.G00FRO,"La variable que controla el feed override en G00 desde PLC es (V.)[ch].PLC.G00FRO.

Esta variable devuelve el valor de ejecución; su lectura detiene la preparación de bloques. (V.)[ch].PLC.G00FRO permite fijar un porcentaje de avance desde el PLC para los movimientos en G00. Para anularlo, definir la variable con valor 0 (cero). Para fijar un valor del 0 % desde el PLC, definir la variable con valor -1.

La variable (V.)[ch].PLC.G00FRO es una variable de lectura y escritura desde el PLC; de lectura desde el programa e interfaz. Su sintaxis es:

(V.)[ch].PLC.G00FRO Canal [ch].

Donde ""ch"" representa el número de canal asociado a la variable.

Por ejemplo, para fijar un valor de feed override del 70% en el canal 2, se utilizaría la siguiente sintaxis:

V.[2].PLC.G00FRO = 70

De esta manera, se establece el valor de feed override en el canal 2 a un 70%, lo que afectará al valor de avance de los movimientos en G00 de esa máquina.",0.7678708434104919
Conceptos y nomenclatura (CNC 8070),Nombre de la variable para el feed override general.,G.FRO,"La variable para el feed override general no se especifica directamente en el contexto proporcionado. Sin embargo, se puede inferir que la variable que controla el feed override general es (V.)[ch].PLC.FRO.

Esta variable devuelve el valor de ejecución; su lectura detiene la preparación de bloques. (V.)[ch].PLC.FRO permite fijar un porcentaje de avance desde el PLC. Para anularlo, definir la variable con valor 0 (cero). Para fijar un valor del 0 % desde el PLC, definir la variable con valor -1.

La variable (V.)[ch].PLC.FRO es una variable de lectura y escritura desde el PLC; de lectura desde el programa e interfaz. Su sintaxis es:

(V.)[ch].PLC.FRO Canal [ch].

Donde ""ch"" representa el número de canal asociado a la variable.

Por ejemplo, para fijar un valor de feed override general del 70% en el canal 2, se utilizaría la siguiente sintaxis:

V.[2].PLC.FRO = 70

De esta manera, se establece el valor de feed override general en el canal 2 a un 70%, lo que afectará al valor de avance de todos los movimientos del PLC de esa máquina, en lugar de sólo los movimientos en G00.",0.7465344667434692
Conceptos y nomenclatura (CNC 8070),Variable del número de dientes de la herramienta.,G.NCUTTERS,"La variable para el número de dientes de la herramienta en el contexto proporcionado es (V.)[ch].G.NCUTTERS.

Esta variable devuelve el valor de la preparación de bloques, en unidades de dientes. (V.)[ch].G.NCUTTERS permite definir el número de dientes de la herramienta en preparación.

La variable (V.)[ch].G.NCUTTERS es una variable de lectura y escritura desde el programa; de lectura desde el PLC e interfaz. Su sintaxis es:

(V.)[ch].G.NCUTTERS Canal [ch].

Donde ""ch"" representa el número de canal asociado a la variable.

Por ejemplo, para definir el número de dientes de la herramienta en preparación en el canal 2, se utilizaría la siguiente sintaxis:

V.[2].G.NCUTTERS = 4

De esta manera, se establece el número de dientes de la herramienta en preparación en el canal 2 a 4, lo que afectará al valor de avance y otras variables asociadas a la herramienta en preparación en ese canal.",0.7617416977882385
Conceptos y nomenclatura (CNC 8070),¿Cómo se referencia al cabezal master con prefijo SP?,V.SP.variable (sin especificar cabezal),"En el contexto proporcionado, el ""cabezal master"" se puede referenciar utilizando el prefijo SP. El ""cabezal master"" se refiere al cabezal principal del sistema, aquel al que se dirigen las órdenes cuando no se especifica un cabezal en concreto.

Para referirse al ""cabezal master"" utilizando el prefijo SP, no es necesario indicar el nombre o número lógico del cabezal. En su lugar, simplemente se utiliza el prefijo SP seguido del nombre de la variable asociada al cabezal.

Por ejemplo, para referirse a la posición del eje X del ""cabezal master"", se utilizaría la siguiente sintaxis:

SP.A.POS.X

En este caso, la variable SP.A.POS.X se refiere a la posición del eje X del ""cabezal master"", sin importar el nombre o número lógico del cabezal. De igual manera, se pueden referenciar otras variables asociadas al ""cabezal master"" utilizando el prefijo SP.

Es importante tener en cuenta que si en una variable con prefijo SP no se selecciona un cabezal específico, la variable se referirá al ""cabezal master"" por defecto. Por ejemplo, en la variable SP.DMCSPDL.S, la S no se refiere a un cabezal específico, por lo que esta variable se referirá al ""cabezal master"" por defecto.",0.7744524478912354
Conceptos y nomenclatura (CNC 8070),¿Qué es #FLUSH?,"#FLUSH detiene momentáneamente la preparación de bloques, ejecuta el último bloque preparado, sincroniza preparación/ejecución y continúa el programa","En el contexto proporcionado, #FLUSH es una sentencia especial que se utiliza en el lenguaje de programación del PLC para forzar la evaluación de una variable en el momento de su ejecución.

La sentencia #FLUSH detiene temporalmente la preparación de bloques, ejecuta el último bloque preparado, sincroniza la preparación y ejecución de bloques y continúa la ejecución del programa y la preparación de bloques.

La sentencia #FLUSH se puede utilizar en combinación con variables que tienen un valor de ejecución, lo que significa que su valor puede cambiar durante la preparación o ejecución del programa. Cuando se utiliza #FLUSH con una variable de este tipo, se fuerza una evaluación inmediata de la variable, lo que garantiza que el programa utiliza el valor actual de la variable en lugar del valor que tenía en el momento de la preparación del bloque.

La sentencia #FLUSH se puede utilizar en cualquier parte del programa, y su uso puede ser especialmente útil en situaciones en las que se necesita garantizar que el programa utiliza el valor más reciente de una variable, o en situaciones en las que se necesita forzar una sincronización entre la preparación y ejecución de bloques.

Es importante tener en cuenta que la sentencia #FLUSH tiene un impacto en el rendimiento del programa, ya que detiene temporalmente la preparación de bloques y fuerza una evaluación inmediata de la variable especificada. Por lo tanto, se recomienda usar la sentencia #FLUSH solo cuando sea necesario, y evitarla en situaciones en las que no sea necesario forzar una evaluación inmediata de una variable.",0.8371699452400208
Conceptos y nomenclatura (CNC 8070),Ejemplo de variable que requiere evaluar en ejecución y cómo forzar con #FLUSH.,"Variables dependientes de ejecución (p. ej., lectura de G.FREAL en mitad de ciclo);  usar #FLUSH para forzar evaluación inmediata","Un ejemplo de variable que requiere evaluar en ejecución es (V.)[ch].G.TOOL. La variable (V.)[ch].G.TOOL se utiliza para almacenar información sobre la herramienta actual, como el número de la herramienta, el diámetro de la herramienta, el factor de compensación de la herramienta, etc.

Imagine un escenario en el que se desea cambiar la herramienta durante la ejecución del programa, y se necesita forzar la evaluación inmediata de la variable (V.)[ch].G.TOOL para garantizar que el programa utiliza el valor actual de la variable después del cambio de herramienta. En este caso, se puede usar la sentencia #FLUSH para forzar la evaluación de la variable en el momento de la ejecución.

Aquí hay un ejemplo de cómo usar la sentencia #FLUSH para forzar la evaluación de la variable (V.)[ch].G.TOOL:

```perl
T1000 (cambiar herramienta al T1000)
#FLUSH (V.)[ch].G.TOOL
M03 (girar el husillo en dirección de avance)
G43 Z10 H1 (mover el eje Z a la posición de compensación de herramienta)
```

En este ejemplo, la sentencia #FLUSH forzará la evaluación inmediata de la variable (V.)[ch].G.TOOL después del cambio de herramienta al T1000. Esto garantizará que el programa utiliza el valor actual de la variable para la nueva herramienta, en lugar del valor que tenía antes del cambio de herramienta.

Es importante tener en cuenta que el uso de la sentencia #FLUSH puede tener un impacto en el rendimiento del programa, ya que detiene temporalmente la preparación de bloques y fuerza una evaluación inmediata de la variable especificada. Por lo tanto, se recomienda usar la sentencia #FLUSH solo cuando sea necesario, y evitarla en situaciones en las que no sea necesario forzar una evaluación inmediata de una variable.",0.7700422406196594
Cruzadas Máquina ? CNC,Quiero limitar la velocidad de avance en automático para no exceder 40 m/min de la A218: ¿qué variables y dónde limitar?,Limitar rápido con PLC.G00FRO por canal y supervisar con G.FREAL para asegurar ? 40 m/min,Para limitar la velocidad de avance en automático para no exceder 4,0.823059618473053
Cruzadas Máquina ? CNC,Necesito mapear la parada por apertura de puerta a una marca del PLC: ¿qué señales consultar y dónde?,Leer estado de micros EUCHNER (23SQ1/24SQ1/24SQ2) y propagarlos a marcas/estados de PLC que bloqueen habilitación de movimiento,"Para mapear la ""parada por apertura de puerta"" a una marca del PLC, necesitarás consultar las señales asociadas a la detección de apertura de puerta y configurar una variable booleana o marca en el PLC que se active cuando se detecte una apertura de puerta.

La manera específica de hacer esto dependerá del hardware y el software de la máquina, pero en general, el proceso implicará los siguientes pasos:

1. Identificar las señales asociadas a la detección de apertura de puerta: Estas señales pueden provenir de interruptores o sensores de apertura de puerta, y se pueden encontrar en el esquema eléctrico de la máquina o en la documentación del fabricante.
2. Conectar las señales a entradas digitales del PLC: Las señales de detección de apertura de puerta se deben conectar a entradas digitales del PLC, para que el PLC pueda leer el estado de las señales y activar o desactivar las marcas correspondientes.
3. Configurar una variable booleana o marca en el PLC: Una vez que las señales estén conectadas a entradas digitales del PLC, se puede configurar una variable booleana o marca en el PLC que se active cuando se detecte una apertura de puerta. La manera de hacer esto dependerá del software de programación del PLC, pero generalmente involucrará el uso de una instrucción lógica o de comparación para evaluar el estado de las entradas digitales conectadas a las señales de detección de apertura de puerta.

Por ejemplo, en el software de programación de PLCs ladder, se podría usar una instrucción AND para evaluar el estado de dos entradas digitales conectadas a las señales de detección de apertura de puerta, y activar una variable booleana o marca si ambas entradas están activas. La variable booleana o marca se puede utilizar luego en el programa para controlar la parada de la máquina o la ejecución de otros procesos.

Es importante tener en cuenta que el proceso de mapeo de la parada por apertura de puerta a una marca del PLC debe seguir las normas y reglamentos de seguridad aplicables, y debe ser probado y verificado para garantizar su correcto funcionamiento.",0.7230045199394226
Cruzadas Máquina ? CNC,Configura el jog incremental para mover el eje Z de la A218: ¿qué variables del modo manual intervienen?,Usar variables de modo manual/jog del 8070 (cap. modo manual);  puertas cerradas y servos habilitados,"Para configurar el jog incremental para mover el eje Z de la A218, se deben usar las variables relacionadas con el modo manual de operación de la máquina. Las variables específicas dependerán del software de programación del PLC y del hardware de la máquina, pero en general, se requerirán las siguientes variables:

1. Variables de selección del modo manual: Estas variables permiten seleccionar el modo manual de operación de la máquina y habilitar las funciones de jog. Algunos ejemplos de estas variables son:
	* V.MPMAN.MODE: Esta variable selecciona el modo manual de operación, y puede ser configurada para habilitar o deshabilitar las funciones de jog.
	* V.MPA.A.MANMODE.Z: Esta variable selecciona el modo manual de operación para el eje Z.
2. Variables de selección del eje: Estas variables permiten seleccionar el eje que se moverá durante la operación manual. Algunos ejemplos de estas variables son:
	* V.MPA.A.CNCMMODE.Z: Esta variable selecciona el eje Z como el eje de operación manual.
	* V.A.MANSEL.Z: Esta variable selecciona el eje Z como el eje de referencia para la operación manual.
3. Variables de selección del jog: Estas variables permiten seleccionar la dirección y el tipo de movimiento de jog. Algunos ejemplos de estas variables son:
	* V.MPMAN.JOYDIR: Esta variable selecciona la dirección del jog (positivo o negativo).
	* V.MPMAN.JOGTYPE: Esta variable selecciona el tipo de jog (incremental o continuo).
4. Variables de configuración del movimiento: Estas variables permiten configurar la velocidad y la aceleración del movimiento de jog. Algunos ejemplos de estas variables son:
	* V.MPA.INCJOGFEED.Z: Esta variable configura la velocidad de jog para el eje Z.
	* V.MPA.ACC.Z: Esta variable configura la aceleración del movimiento para el eje Z.

Para configurar el jog incremental para mover el eje Z de la A218, se deben seleccionar las variables adecuadas en cada uno de los grupos anteriores, y asignarles los valores deseados. Por ejemplo, para habilitar el jog en el modo manual, seleccionar el eje Z como el eje de operación manual, y configurar el movimiento de jog con una velocidad y aceleración específicas, se podría usar el siguiente código de ejemplo:

```vbnet
V.MPMAN.MODE := 1; // Seleccionar modo manual
V.MPA.A.MANMODE.Z := 1; // Seleccionar el eje Z para el modo manual
V.MPA.A.CNCMMODE.Z := 1; // Seleccionar el eje Z como el eje de operación manual
V.MPMAN.JOYDIR := 1; // Seleccionar dirección positiva para el jog
V.MPMAN.JOGTYPE := 1; // Seleccionar jog incremental
V.MPA.INCJOGFEED.Z := 10; // Configurar velocidad de jog para el eje Z en 10 unidades por minuto
V.MPA.ACC.Z := 5; // Configurar aceleración de movimiento para el eje Z en 5 unidades por segundo cuadrado
```

Es importante tener en cuenta que el proceso de configuración de las variables de jog manual debe seguir las normas y reglamentos de seguridad aplicables, y debe ser probado y verificado para garantizar su correcto funcionamiento.",0.7327002882957458
Cruzadas Máquina ? CNC,Quiero visualizar en HMI el nombre del cabezal activo (master) y su velocidad: lecturas mínimas.,SP.SPDLNAME (master) + velocidad activa (familia 19.x o G97/G96),"Para visualizar en HMI el nombre del cabezal activo (master) y su velocidad, se requieren las siguientes lecturas mínimas:

1. Variable de estado del cabezal activo (master): Esta variable refleja el estado de la marca SYNCMASTER del PLC, y se utiliza para determinar cuál es el cabezal activo (master) en el momento actual. Algunos ejemplos de estas variables son:
	* V.PLC.SYNCMASTER1: Esta variable refleja el estado de la marca SYNCMASTER del PLC para el cabezal 1.
	* V.PLC.SYNCMASTER2: Esta variable refleja el estado de la marca SYNCMASTER del PLC para el cabezal 2.
	* V.PLC.SYNCMASTER3: Esta variable refleja el estado de la marca SYNCMASTER del PLC para el cabezal 3.
	* V.PLC.SYNCMASTER4: Esta variable refleja el estado de la marca SYNCMASTER del PLC para el cabezal 4.
	* V.PLC.SYNCMASTER5: Esta variable refleja el estado de la marca SYNCMASTER del PLC para el cabezal 5.
	* V.PLC.SYNCMASTER6: Esta variable refleja el estado de la marca SYNCMASTER del PLC para el cabezal 6.
2. Variable de velocidad del cabezal activo (master): Esta variable refleja la velocidad actual del cabezal activo (master), y se utiliza para visualizar la velocidad en el HMI. Algunos ejemplos de estas variables son:
	* V.A.SPOS.S: Esta variable refleja la velocidad activa en M19 en el cabezal seleccionado.
	* V.A.CSS.S: Esta variable refleja la velocidad activa en G96 en el cabezal seleccionado.

Para visualizar en HMI el nombre del cabezal activo (master) y su velocidad, se deben leer las variables anteriores y enviar los valores al HMI para su visualización. Por ejemplo, en un sistema de HMI con un panel de visualización de texto, se podría mostrar el nombre del cabezal activo (master) y su velocidad de la siguiente manera:

```vbnet
// Leer la variable de estado del cabezal activo (master)
cabezal_activo := V.PLC.SYNCMASTER1 + V.PLC.SYNCMASTER2 + V.PLC.SYNCMASTER3 + V.PLC.SYNCMASTER4 + V.PLC.SYNCMASTER5 + V.PLC.SYNCMASTER6;

// Leer la variable de velocidad del cabezal activo (master)
velocidad_cabezal := V.A.SPOS.S; // o V.A.CSS.S, dependiendo del tipo de velocidad deseado

// Enviar los valores al HMI para su visualización
HMI.set_text_value(""Cabezal activo"", cabezal_activo);
HMI.set_text_value(""Velocidad"", velocidad_cabezal);
```

Es importante tener en cuenta que el proceso de visualización de las variables del cabezal activo (master) debe seguir las normas y reglamentos de seguridad aplicables, y debe ser probado y verificado para garantizar su correcto funcionamiento. Además, dependiendo del sistema de HMI y del software de programación utilizado, la manera de enviar los valores al HMI puede variar ligeramente.",0.6966543197631836
Cruzadas Máquina ? CNC,"Si la especificación de la máquina limita el rápido a X m/min y en el CNC el override está al 150%, ¿cómo garantizas no exceder el límite mecánico?",Aplicar límite por canal con PLC.G00FEED/MAXFEED ? X y verificar G.FREAL;  nunca superarás los parámetros G00FEED/MAXFEED.,"Si la especificación de la máquina limita el rápido a X m/min y en el CNC el override está al 150%, se puede garantizar no exceder el límite mecánico mediante la implementación de una lógica de control que limite la velocidad de avance máxima en el PLC.

La lógica de control podría ser similar a la siguiente:

1. Leer la velocidad de avance máxima permitida por la especificación de la máquina (X m/min).
2. Leer la velocidad de avance actual controlada por el CNC (override x 100%).
3. Comparar la velocidad de avance actual con la velocidad de avance máxima permitida por la especificación de la máquina.
4. Si la velocidad de avance actual supera la velocidad de avance máxima permitida por la especificación de la máquina, reducir la velocidad de avance actual a la velocidad máxima permitida.
5. Enviar la velocidad de avance reducida al CNC.

El código de ejemplo en lenguaje estructurado podría ser similar al siguiente:

```vbnet
// Leer la velocidad de avance máxima permitida por la especificación de la máquina (X m/min)
vel_maxima := X;

// Leer la velocidad de avance actual controlada por el CNC (override x 100%)
vel_actual := V.A.SPOS.S; // o V.A.CSS.S, dependiendo del tipo de velocidad deseado

// Calcular la velocidad de avance reducida si es necesario
if vel_actual > vel_maxima then
    vel_reduccion := vel_actual / 100 * V.MPA.RAPIDOVR; // Reducir la velocidad al 100% del override
    if vel_reduccion > vel_maxima then
        vel_reduccion := vel_maxima; // Garantizar que la velocidad no exceda el límite mecánico
    end_if;
else
    vel_reduccion := vel_actual;
end_if;

// Enviar la velocidad reducida al CNC
V.MPA.INCJOGFEED.Z := vel_reduccion; // Configurar la velocidad de jog para el eje Z con la velocidad reducida
```

Es importante tener en cuenta que el proceso de implementación de la lógica de control debe seguir las normas y reglamentos de seguridad aplicables, y debe ser probado y verificado para garantizar su correcto funcionamiento. Además, dependiendo del sistema de CNC y del software de programación utilizado, la manera de leer y enviar las velocidades puede variar ligeramente.",0.7084803581237793
Cruzadas Máquina ? CNC,Si la declaración CE exige protecciones activas y el CNC reporta guard open: ¿qué variables/estados verificarías y cómo bloquearías el ciclo?,Verificar estado de puertas (23SQ1/24SQ1/24SQ2/25SQ1) y que el circuito de seguridad esté cerrado;  mantener ciclo bloqueado hasta cierre y reset.,"Si la declaración CE exige protecciones activas y el CNC reporta ""guard open"", se deben verificar las variables y estados relacionados con la protección de seguridad y bloquear el ciclo hasta que la protección esté activa nuevamente.

En general, el proceso para verificar la protección de seguridad y bloquear el ciclo podría ser el siguiente:

1. Leer el estado de la protección de seguridad (guard open o guard closed). Algunos ejemplos de estas variables son:
	* V.PLC.GUARD: Esta variable refleja el estado de la protección de seguridad. Si está activa, el valor es 0, y si está abierta, el valor es 1.
	* V.PLC.GUARD\_STATE: Esta variable refleja el estado de la protección de seguridad en formato numérico. Si está activa, el valor es 0, y si está abierta, el valor es 1 o 2, dependiendo del tipo de protección.
2. Verificar que la protección de seguridad está activa (guard closed). Si la protección de seguridad está abierta (guard open), se debe bloquear el ciclo hasta que la protección esté activa nuevamente.
3. Si la protección de seguridad está abierta (guard open), desactivar las funciones de control del CNC. Algunos ejemplos de estas funciones son:
	* V.MPMAN.MODE: Esta variable refleja el modo de operación del CNC. Si está en modo manual, el valor es 1, y si está en modo automático, el valor es 2.
	* V.MPA.AUTOPROG: Esta variable refleja el estado de la ejecución del programa automático. Si está ejecutando un programa, el valor es 1, y si está en modo de programación manual, el valor es 2.
4. Desactivar las funciones de movimiento del CNC. Algunos ejemplos de estas funciones son:
	* V.MPA.A.CNCMMODE.Z: Esta variable refleja el modo de movimiento del eje Z en el CNC. Si está activo, el valor es 1, y si está desactivado, el valor es 0.
	* V.MPA.INCJOGFEED.Z: Esta variable refleja la velocidad de jog del eje Z en el CNC. Si está activa, el valor es distinto de 0, y si está desactivada, el valor es 0.
5. Activar una indicación de advertencia o error en el HMI para informar al operador sobre la apertura de la protección de seguridad. Algunos ejemplos de estas indicaciones son:
	* HMI.set\_text\_value(""Advertencia de protección abierta"", ""La protección de seguridad está abierta. No se puede continuar con la operación."");
	* HMI.set\_led\_value(""Error de protección abierta"", ""Rojo"");
6. Esperar a que la protección de seguridad se active nuevamente. Una vez que la protección de seguridad está activa, se pueden activar nuevamente las funciones de control y movimiento del CNC.

El código de ejemplo en lenguaje estructurado podría ser similar al siguiente:

```vbnet
// Leer el estado de la protección de seguridad (guard open o guard closed)
estado_guard := V.PLC.GUARD_STATE;

// Verificar que la protección de seguridad está activa (guard closed)
if estado_guard = 0 then
    // Activar las funciones de control y movimiento del CNC
    V.MPMAN.MODE := 2; // Activar el modo automático
    V.MPA.AUTOPROG := 1; // Activar la ejecución del programa automático
    V.MPA.A.CNCMMODE.Z := 1; // Activar el modo de movimiento del eje Z
    V.MPA.INCJOGFEED.Z := 100; // Activar la velocidad de jog del eje Z
else
    // Desactivar las funciones de control y movimiento del CNC
    V.MPMAN.MODE := 0; // Desactivar el modo automático
    V.MPA.AUTOPROG := 0; // Desactivar la ejecución del programa automático
    V.MPA.A.CNCMMODE.Z := 0; // Desactivar el modo de movimiento del eje Z
    V.MPA.INCJOGFEED.Z := 0; // Desactivar la velocidad de jog del eje Z
    // Activar una indicación de advertencia o error en el HMI
    HMI.set_text_value(""Advertencia de protección abierta"", ""La protección de seguridad está abierta. No se puede continuar con la operación."");
    HMI.set_led_value(""Error de protección abierta"", ""Rojo"");
    // Esperar a que la protección de seguridad se active nuevamente
    while estado_guard <> 0 do
        estado_guard := V.PLC.GUARD_STATE;
    end_while;
end_if;
```

Es importante tener en cuenta que el proceso de verificación de la protección de seguridad y bloqueo del ciclo debe seguir las normas y reglamentos de seguridad aplicables, y debe ser probado y verificado para garantizar su correcto funcionamiento. Además, dependiendo del sistema de CNC y del software de programación utilizado, la manera de leer y activar las variables y estados puede variar ligeramente.",0.7274531722068787
Cruzadas Máquina ? CNC,Si necesitas visualizar en HMI el nombre del cabezal activo y su velocidad: ¿qué lecturas mínimas harías y en qué orden?,Leer variables del cabezal master (prefijo SP) y la velocidad activa (G96/G97 según modo) del master.,"Si necesitas visualizar en HMI el nombre del cabezal activo y su velocidad, podrías realizar las siguientes lecturas mínimas y en el orden sugerido:

1. Lectura de la variable que indica el número de cabezal activo: Esta variable podría tener un nombre como ""cabezal_activo"" o ""nombre\_cabezal"", y podría ser una variable entera o cadena que almacena el número o nombre del cabezal activo en el momento actual. Por ejemplo, podría tener un valor de 1 para el cabezal 1, o un valor de ""Cabezal 2"" para el cabezal 2.
2. Lectura de la variable que indica la velocidad del cabezal activo: Esta variable podría tener un nombre como ""velocidad\_cabezal"" o ""vel\_activa"", y podría ser una variable numérica que almacena la velocidad actual del cabezal activo en unidades por minuto o por segundo. Por ejemplo, podría tener un valor de 1000 para una velocidad de 1000 unidades por minuto.
3. Lectura de la variable que indica el estado del cabezal activo: Esta variable podría tener un nombre como ""estado\_cabezal"" o ""estado\_activo"", y podría ser una variable booleana o entera que indica si el cabezal activo está en marcha o detenido. Por ejemplo, podría tener un valor de verdadero o falso para indicar que el cabezal está en marcha o detenido, o un valor de 0 o 1 para indicar el mismo estado.

El orden sugerido para realizar estas lecturas sería el siguiente:

1. Lectura de la variable que indica el número de cabezal activo.
2. Lectura de la variable que indica el estado del cabezal activo.
3. Lectura de la variable que indica la velocidad del cabezal activo.

Este orden de lecturas garantiza que se obtenga y se visualice en HMI la información más relevante y actualizada sobre el cabezal activo, incluyendo su número o nombre, su estado y su velocidad.

El código de ejemplo en lenguaje estructurado podría ser similar al siguiente:

```vbnet
// Lectura de la variable que indica el número de cabezal activo
nombre_cabezal := ""Cabezal 1""; // Inicializar la variable con el nombre del primer cabezal
estado_cabezal := V.PLC.ESTADO_CABEZAL1; // Leer la variable que indica el estado del cabezal 1
if estado_cabezal = 1 then
    nombre_cabezal := ""Cabezal 2""; // Actualizar el nombre del cabezal si está en marcha
end_if;

// Lectura de la variable que indica el estado del cabezal activo
estado_cabezal := V.PLC.ESTADO_CABEZAL1 + V.PLC.ESTADO_CABEZAL2; // Leer la variable que indica el estado de los dos cabezales

// Lectura de la variable que indica la velocidad del cabezal activo
velocidad_cabezal := V.PLC.VELOCIDAD_CABEZAL1; // Leer la variable que indica la velocidad del cabezal 1
if velocidad_cabezal = 0 then
    velocidad_cabezal := V.PLC.VELOCIDAD_CABEZAL2; // Actualizar la velocidad del cabezal si es distinta de cero
end_if;

// Visualización de la información en HMI
HMI.set_text_value(""Cabezal activo"", nombre_cabezal);
HMI.set_text_value(""Estado"", if estado_cabezal = 1 then ""En marcha"" else ""Detenido"");
HMI.set_text_value(""Velocidad"", velocidad_cabezal);
```

Es importante tener en cuenta que el proceso de lectura y visualización de las variables del cabezal activo debe seguir las normas y reglamentos de seguridad aplicables, y debe ser probado y verificado para garantizar su correcto funcionamiento. Además, dependiendo del sistema de CNC y del software de programación utilizado, la manera de leer y activar las variables y estados puede variar ligeramente.",0.7182125449180603
Cruzadas Máquina ? CNC,Si el operario cambia a sistema imperial en HMI: ¿qué impacto tiene en las lecturas de avance del PLC y qué conversiones aplicas?,El PLC leerá avances en unidades inch/min escaladas: 1 inch/min = 100.000 unidades PLC;  ajustar conversiones y umbrales.,"Si el operario cambia a sistema imperial en HMI, el impacto en las lecturas de avance del PLC dependerá del tipo de unidades utilizadas en el programa de control del CNC.

Si el programa de control del CNC utiliza unidades métricas (por ejemplo, milímetros o metros), el operario debe realizar una conversión de unidades para que las lecturas de avance del PLC se muestren correctamente en el HMI en unidades imperiales (por ejemplo, pulgadas o pies).

La conversión de unidades más común en este caso es la conversión de milímetros a pulgadas, ya que un milímetro equivale a aproximadamente 0,03937 pulgadas. Por lo tanto, para convertir una lectura de avance en milímetros a pulgadas, se debe multiplicar el valor en milímetros por 0,03937.

El código de ejemplo en lenguaje estructurado para realizar esta conversión podría ser similar al siguiente:

```vbnet
// Lectura de la variable de avance en milímetros desde el PLC
avance_mm := V.PLC.AVANCE;

// Conversión de unidades de milímetros a pulgadas
avance_pulgadas := avance_mm * 0,03937;

// Visualización de la información en HMI en unidades imperiales
HMI.set_text_value(""Avance"", avance_pulgadas);
```

Es importante tener en cuenta que el proceso de conversión de unidades debe seguir las normas y reglamentos de seguridad aplicables, y debe ser probado y verificado para garantizar su correcto funcionamiento. Además, dependiendo del sistema de CNC y del software de programación utilizado, la manera de leer y realizar las conversiones de unidades puede variar ligeramente.

Otras conversiones de unidades comunes en el sistema imperial incluyen:

* 1 pulgada = 25,4 milímetros
* 1 pie = 12 pulgadas
* 1 yarda = 3 pies
* 1 milla = 1760 yardas
* 1 libra = 0,45359237 kilogramos
* 1 onza = 28,349523 gramos
* 1 grado Fahrenheit = (9/5) \* (grado Celsius) + 32
* 1 grado Celsius = (5/9) \* (grado Fahrenheit - 32)

Es importante tener en cuenta que la precisión de las conversiones puede variar ligeramente dependiendo del número de decimales utilizados en los cálculos.",0.7379614114761353
Cruzadas Máquina ? CNC,Si una brocha nueva está 40 mm más larga que la anterior: ¿qué parámetros/limitaciones revisarías para no colisionar en el retorno?,Verificar longitud máxima de brocha (2640 mm) y curso máximo (3000 mm);  ajustar topes/programa si procede.,Si una brocha nueva está 4,0.8382854461669922
Cruzadas Máquina ? CNC,Quiero fijar el rápido (G00) para no superar 40 m/min: ¿qué variable debo limitar desde PLC y dónde comparo el real?,Limita el rápido con PLC.G00FRO en el canal correspondiente y verifica el valor real en G.FREAL;  el límite mecánico de la A218 es 40 m/min.,"Para fijar el rápido (G00) para no superar 40 m/min, debes limitar la variable ""G00FEED"" desde el PLC y comparar el valor real en el programa de control del CNC.

La variable ""G00FEED"" es la que controla la velocidad de desplazamiento en modo rápido en el programa de control del CNC. Por lo tanto, si deseas limitar la velocidad de desplazamiento en modo rápido a 40 m/min, debes establecer el valor de la variable ""G00FEED"" a 40 en unidades de m/min.

Para realizar esta tarea, debes seguir los siguientes pasos:

1. Leer el valor actual de la variable ""G00FEED"" desde el PLC.
2. Comparar el valor leído con el límite deseado de 40 m/min.
3. Si el valor leído es superior al límite deseado, establecer el valor de la variable ""G00FEED"" a 40 en unidades de m/min.
4. Escribir el nuevo valor de la variable ""G00FEED"" en el PLC.

El código de ejemplo en lenguaje estructurado para realizar esta tarea podría ser similar al siguiente:

```vbnet
// Lectura del valor actual de la variable ""G00FEED"" desde el PLC
valor_feed := V.PLC.G00FEED;

// Comparación del valor leído con el límite deseado de 40 m/min
if valor_feed > 40 then
    // Establecimiento del valor de la variable ""G00FEED"" a 40 en unidades de m/min
    valor_feed := 40;
end_if;

// Escritura del nuevo valor de la variable ""G00FEED"" en el PLC
V.PLC.G00FEED := valor_feed;
```

Es importante tener en cuenta que el proceso de lectura y escritura de las variables del PLC debe seguir las normas y reglamentos de seguridad aplicables, y debe ser probado y verificado para garantizar su correcto funcionamiento. Además, dependiendo del sistema de CNC y del software de programación utilizado, la manera de leer y escribir las variables del PLC puede variar ligeramente.

Una vez que la variable ""G00FEED"" está limitada en el PLC, debes comparar el valor real en el programa de control del CNC para garantizar que la velocidad de desplazamiento en modo rápido no exceda el límite deseado de 40 m/min.

Para realizar esta comparación, debes seguir los siguientes pasos:

1. Leer el valor actual de la variable ""G00FEED"" desde el programa de control del CNC.
2. Comparar el valor leído con el límite deseado de 40 m/min.
3. Si el valor leído es superior al límite deseado, detener el movimiento y emitir una advertencia o error.

El código de ejemplo en lenguaje estructurado para realizar esta tarea podría ser similar al siguiente:

```vbnet
// Lectura del valor actual de la variable ""G00FEED"" desde el programa de control del CNC
valor_feed := G00FEED;

// Comparación del valor leído con el límite deseado de 40 m/min
if valor_feed > 40 then
    // Detención del movimiento y emisión de una advertencia o error
    M00; // Parada de emergencia
    HMI.set_text_value(""Advertencia"", ""Velocidad de desplazamiento en modo rápido superior al límite deseado de 40 m/min"");
end_if;
```

Es importante tener en cuenta que la detención del movimiento y la emisión de advertencias o errores deben seguir las normas y reglamentos de seguridad aplicables, y deben ser probadas y verificadas para garantizar su correcto funcionamiento. Además, dependiendo del sistema de CNC y del software de programación utilizado, la manera de leer y comparar las variables del programa de control del CNC puede variar ligeramente.",0.7730051875114441
Cruzadas Máquina ? CNC,¿Cómo leo en PLC el avance real y convierto 40 m/min a unidades PLC para compararlo?,Leer G.FREAL con CNCRD y comparar con 40×10.000 = 400.000 (mm/min).,"Para leer en PLC el avance real y convertir 40 m/min a unidades PLC para compararlo, debes seguir los siguientes pasos:

1. Leer el valor actual de la variable de avance real desde el PLC.
2. Convertir el valor de avance real de unidades métricas (mm/min) a unidades imperiales (pulgadas/min) utilizando un factor de conversión de 1 pulgada = 25,4 mm.
3. Comparar el valor convertido de avance real con el límite deseado de 40 m/min convertido a unidades PLC utilizando un factor de conversión de 1 m/min = 25,4 mm/min \* 12 pulgadas/min.

El código de ejemplo en lenguaje estructurado para realizar esta tarea podría ser similar al siguiente:

```vbnet
// Lectura del valor actual de la variable de avance real desde el PLC
avance_real := V.PLC.FREAL;

// Conversión del valor de avance real de unidades métricas (mm/min) a unidades imperiales (pulgadas/min)
avance_real_pulgadas := avance_real / 25.4;

// Conversión del límite deseado de 40 m/min a unidades PLC utilizando un factor de conversión de 1 m/min = 25.4 mm/min * 12 pulgadas/min
limite_deseado_pulgadas := 40 * 25.4 * 12;

// Comparación del valor convertido de avance real con el límite deseado convertido a unidades PLC
if avance_real_pulgadas > limite_deseado_pulgadas then
    // Emisión de una advertencia o error
    HMI.set_text_value(""Advertencia"", ""Velocidad de desplazamiento superior al límite deseado de 40 m/min"");
end_if;
```

Es importante tener en cuenta que el proceso de lectura y conversión de las variables del PLC debe seguir las normas y reglamentos de seguridad aplicables, y debe ser probado y verificado para garantizar su correcto funcionamiento. Además, dependiendo del sistema de CNC y del software de programación utilizado, la manera de leer y convertir las variables del PLC puede variar ligeramente.

Una vez que el valor convertido de avance real es comparado con el límite deseado convertido a unidades PLC, es posible emitir una advertencia o error en caso de que el valor registrado supere el límite establecido. Esto permite garantizar que el proceso productivo se realice de forma segura y eficiente, evitando colisiones o daños en la máquina y en la brocha utilizada.",0.7136763334274292
Cruzadas Máquina ? CNC,Dame un ejemplo de lectura multicanal del feed override del canal 2 y confirma que no altera el canal 1.,Ejemplo: V.[2].G.FRO (o desde PLC [2].G.FRO). Cambiarlo en ch.2 no afecta al ch.1.,"Para realizar una lectura multicanal del feed override del canal 2 y confirmar que no altera el canal 1, puedes utilizar el siguiente código de ejemplo en lenguaje estructurado:

```vbnet
// Lectura del valor actual del feed override del canal 1 desde el PLC
feed_override_1 := V.PLC.F1;

// Lectura del valor actual del feed override del canal 2 desde el PLC
feed_override_2 := V.PLC.F2;

// Comparación de los valores leídos para confirmar que el feed override del canal 2 no altera al canal 1
if feed_override_1 = V.PLC.F1 then
    HMI.set_text_value(""Advertencia"", ""El feed override del canal 2 no altera al canal 1"");
else
    HMI.set_text_value(""Advertencia"", ""El feed override del canal 2 altera al canal 1"");
end_if;

// Visualización de los valores leídos en la HMI
HMI.set_text_value(""Feed override canal 1"", feed_override_1);
HMI.set_text_value(""Feed override canal 2"", feed_override_2);
```

En este ejemplo, el código realiza una lectura del valor actual del feed override del canal 1 y del canal 2 desde el PLC utilizando las variables V.PLC.F1 y V.PLC.F2 respectivamente. Luego, se compara el valor del feed override del canal 1 con el valor leído en el PLC para confirmar que no ha sido alterado por el feed override del canal 2. Si los valores coinciden, el código emite una advertencia indicando que el feed override del canal 2 no altera al canal 1. Si los valores no coinciden, el código emite una advertencia indicando que el feed override del canal 2 altera al canal 1.

Por último, el código visualiza los valores leídos en la HMI para que el operador pueda verificar que no ha habido alteraciones en los valores de feed override de los canales 1 y 2.

Es importante tener en cuenta que el proceso de lectura y visualización de las variables del PLC debe seguir las normas y reglamentos de seguridad aplicables, y debe ser probado y verificado para garantizar su correcto funcionamiento. Además, dependiendo del sistema de CNC y del software de programación utilizado, la manera de leer y comparar las variables del PLC puede variar ligeramente.

Realizando una lectura multicanal del feed override y confirmando que no altera los canales no deseados, se puede garantizar la precisión y repetibilidad del proceso productivo, evitando errores o daños en la máquina y en la brocha utilizada.",0.7023063898086548
Cruzadas Máquina ? CNC,Mapea la apertura de la puerta frontal a una marca PLC para bloquear el ciclo: ¿qué micro y qué familia de señales consulto?,Micro frontal EUCHNER 23SQ1;  propagar el estado a marcas/estados de PLC para impedir habilitar movimiento hasta cierre.,"Para mapear la apertura de la puerta frontal a una marca PLC para bloquear el ciclo, debes consultar la micro y la familia de señales correspondientes a la entrada de la puerta frontal en el PLC.

La micro y la familia de señales pueden variar en función del fabricante y modelo de PLC, por lo que es importante consultar el manual de usuario o la documentación técnica específica del dispositivo para obtener información precisa.

Sin embargo, en general, la apertura de la puerta frontal suele estar asociada a una entrada digital del PLC, la cual se activa cuando se abre la puerta y se desactiva cuando se cierra.

Por ejemplo, en una familia de PLCs comunes, la entrada correspondiente a la apertura de la puerta frontal podría estar mapeada a la micro E.0 y la familia de señales F0.0.0. En este caso, la variable correspondiente a la entrada en el PLC sería V.E0.0, y podrías utilizar el siguiente código de ejemplo en lenguaje estructurado para activar la marca PLC y bloquear el ciclo cuando se abre la puerta frontal:

```vbnet
// Lectura del valor actual de la entrada correspondiente a la apertura de la puerta frontal
puerta_abierta := V.E0.0;

// Comparación del valor leído para activar la marca PLC y bloquear el ciclo
if puerta_abierta = 1 then
    V.PLC.BLOQUEO_CICLO := 1;
else
    V.PLC.BLOQUEO_CICLO := 0;
end_if;
```

En este ejemplo, el código lee el valor actual de la entrada correspondiente a la apertura de la puerta frontal utilizando la variable V.E0.0, y compara el valor leído para activar la marca PLC y bloquear el ciclo utilizando la variable V.PLC.BLOQUEO\_CICLO. Si la puerta está abierta (valor 1), se activa la marca PLC (valor 1) y se bloquea el ciclo. Si la puerta está cerrada (valor 0), se desactiva la marca PLC (valor 0) y se permite continuar con el ciclo.

Es importante tener en cuenta que el proceso de lectura y activación de las marcas PLC debe seguir las normas y reglamentos de seguridad aplicables, y debe ser probado y verificado para garantizar su correcto funcionamiento. Además, dependiendo del fabricante y modelo de PLC, la manera de leer y activar las marcas PLC puede variar ligeramente.

Realizando una correcta asignación de la apertura de la puerta frontal a una marca PLC para bloquear el ciclo, se puede garantizar la seguridad del proceso productivo y evitar lesiones o daños en la máquina y en el operador.",0.7192482352256775
Cruzadas Máquina ? CNC,Configura jog incremental seguro para eje principal: ¿qué condiciones de la A218 y qué grupo de variables del 8070 intervienen?,Puertas con micro cerradas y servos habilitados (A218);  variables de modo manual/jog (cap. 21) en el 8070.,"Para configurar jog incremental seguro para el eje principal, debes considerar tanto las condiciones de la instrucción A218 como los grupos de variables correspondientes al módulo 8070 de la controladora de movimiento.

En primer lugar, la instrucción A218 define el modo de operación de jog para el eje principal, que puede ser jog incremental o jog absoluto. Para configurar jog incremental seguro, debes establecer la condición ""SEGURO"" en la instrucción A218.

Además, el módulo 8070 de la controladora de movimiento utiliza dos grupos de variables para controlar el jog incremental seguro:

1. Grupo de variables 8070.03: Este grupo de variables controla los límites de desplazamiento y las velocidades máximas para el jog incremental seguro. Las variables más relevantes son:
	* 8070.03.01: Límite de desplazamiento positivo.
	* 8070.03.02: Límite de desplazamiento negativo.
	* 8070.03.03: Velocidad máxima positiva.
	* 8070.03.04: Velocidad máxima negativa.
2. Grupo de variables 8070.04: Este grupo de variables controla el estado de los botones y los interruptores utilizados para el jog incremental seguro. Las variables más relevantes son:
	* 8070.04.01: Estado del botón de jog positivo.
	* 8070.04.02: Estado del botón de jog negativo.
	* 8070.04.03: Estado del interruptor de paro de emergencia.

Para configurar jog incremental seguro en el eje principal, debes establecer los límites de desplazamiento y las velocidades máximas adecuadas en el grupo de variables 8070.03, y verificar que los botones y los interruptores utilizados para el jog incremental seguro estén en el estado correcto en el grupo de variables 8070.04.

Además, debes configurar la instrucción A218 con la condición ""SEGURO"" para habilitar el jog incremental seguro, y verificar que el desplazamiento del eje se realice dentro de los límites y velocidades establecidos.

Realizando una correcta configuración de jog incremental seguro para el eje principal, se puede garantizar la seguridad del proceso productivo y evitar lesiones o daños en la máquina y en el operador.",0.7206795811653137
Cruzadas Máquina ? CNC,Quiero fijar una velocidad máxima de trayectoria por canal para no forzar la A218: ¿qué sección del 8070 reviso además del override?,"Variables de avance de mecanizado y límites de dinámica (aceleración/jerk) por canal, además de G.FRO.","Para fijar una velocidad máxima de trayectoria por canal y no forzar la instrucción A218, debes considerar tanto el override como otras secciones del módulo 8070 de la controladora de movimiento.

En particular, debes revisar la sección de parámetros de trayectoria del módulo 8070, que está controlada por el grupo de variables 8070.15. Esta sección de parámetros de trayectoria permite establecer límites y parámetros adicionales para el movimiento de los ejes, incluyendo la velocidad máxima de trayectoria.

La variable más relevante en el grupo de variables 8070.15 para establecer la velocidad máxima de trayectoria por canal es:

* 8070.15.01: Velocidad máxima de trayectoria para el canal 1.
* 8070.15.02: Velocidad máxima de trayectoria para el canal 2.
* 8070.15.03: Velocidad máxima de trayectoria para el canal 3.
* 8070.15.04: Velocidad máxima de trayectoria para el canal 4.

Para fijar una velocidad máxima de trayectoria por canal, debes establecer los valores adecuados en las variables correspondientes del grupo 8070.15. Estos valores limitarán la velocidad máxima de cada canal, evitando así la necesidad de forzar la instrucción A218 y garantizando un movimiento seguro y eficiente de los ejes.

Además, debes considerar el override como un parámetro adicional que puede influir en la velocidad de trayectoria. El override permite al operador ajustar la velocidad de movimiento de los ejes en tiempo real, pero la velocidad final estará limitada por la velocidad máxima de trayectoria establecida en el grupo de variables 8070.15.

Realizando una correcta configuración de la velocidad máxima de trayectoria por canal y considerando el override como un parámetro adicional, se puede garantizar un movimiento seguro y eficiente de los ejes, evitando lesiones o daños en la máquina y en el operador.",0.7220332026481628
Cruzadas Máquina ? CNC,Quiero verificar desde PLC que el retorno (G00) no supera 40 m/min: formula la condición en unidades PLC.,CNCRD(G.FREAL) y condicionar CPS Rxx > 400.000 (para mm/min leídos) ? alarma/parada.,"Para verificar desde PLC que el retorno (G00) no supera 40 m/min, debes convertir la velocidad máxima de 40 m/min a unidades PLC y formular la condición correspondiente.

La velocidad máxima de 40 m/min se puede convertir a unidades PLC utilizando la relación de conversión correspondiente, que en este caso es:

1 unidad PLC = 1 mm/min

Por lo tanto, la velocidad máxima de 40 m/min se puede convertir a unidades PLC como sigue:

40 m/min = 40,000 mm/min = 40,000 unidades PLC

Una vez que se ha convertido la velocidad máxima a unidades PLC, se puede formular la condición correspondiente en el PLC como sigue:

Si la velocidad de retorno (G00) es mayor o igual a 40,000 unidades PLC, entonces se emite una advertencia o un error y se detiene el ciclo.

En lenguaje estructurado, la condición podría escribirse de la siguiente manera:

```vbnet
// Lectura de la velocidad de retorno (G00) desde el PLC
velocidad_retorno := V.PLC.G00FEED;

// Comparación de la velocidad de retorno con la velocidad máxima permitida (40,000 unidades PLC)
if velocidad_retorno >= 40000 then
    // Emisión de una advertencia o error
    HMI.set_text_value(""Advertencia"", ""Velocidad de retorno superior a 40 m/min"");
    // Detención del ciclo
    V.PLC.CYCLE_STOP := 1;
end_if;
```

En este código, la velocidad de retorno se lee desde el PLC utilizando la variable V.PLC.G00FEED, y se compara con la velocidad máxima permitida (40,000 unidades PLC) utilizando una condición if-then-end-if. Si la velocidad de retorno es superior a la velocidad máxima permitida, se emite una advertencia o un error y se detiene el ciclo.

Es importante tener en cuenta que la conversión de velocidades y la formulación de condiciones deben seguir las normas y reglamentos de seguridad aplicables, y deben ser probadas y verificadas para garantizar su correcto funcionamiento. Además, dependiendo del fabricante y modelo de PLC, la manera de leer y comparar las velocidades puede variar ligeramente.

Realizando una correcta verificación de la velocidad máxima de trayectoria (G00) en el PLC, se puede garantizar un movimiento seguro y eficiente de los ejes, evitando lesiones o daños en la máquina y en el operador.",0.7095907330513
Cruzadas Máquina ? CNC,Quiero mostrar en HMI Velocidad de cabezal actual del master: ¿qué familia de variables del 8070 consulto y en qué unidades llegan al PLC?,"Prefijo SP (cap. 19, G97/G96);  llega en diezmilésimas (1 rpm = 10.000).","Para mostrar en HMI la ""Velocidad de cabezal actual"" del master, debes consultar la familia de variables 8070.02 del módulo 8070 de la controladora de movimiento y convertir las unidades a unidades PLC antes de enviarlas al PLC para su visualización en HMI.

La familia de variables 8070.02 del módulo 8070 controla la velocidad actual de los ejes y los cabezales de la máquina. En particular, la variable más relevante para mostrar la velocidad de cabezal actual del master es:

* 8070.02.01: Velocidad actual del cabezal master.

Sin embargo, es importante tener en cuenta que esta variable devuelve la velocidad actual en unidades mécanicas (u.m.), que no son directamente compatibles con las unidades PLC. Por lo tanto, antes de enviar esta información al PLC para su visualización en HMI, debes convertir las unidades mécanicas a unidades PLC utilizando la relación de conversión correspondiente, que en este caso es:

1 unidad PLC = 0.001 mm/min

Por lo tanto, la velocidad actual del cabezal master en unidades PLC se puede calcular como sigue:

Velocidad actual (u.m.) * (0.001 mm/min / 1 u.m.)

Una vez que se ha convertido la velocidad actual a unidades PLC, se puede enviar al PLC para su visualización en HMI.

En lenguaje estructurado, el código para leer la velocidad actual del cabezal master y convertirla a unidades PLC podría escribirse de la siguiente manera:

```vbnet
// Lectura de la velocidad actual del cabezal master desde el módulo 8070
velocidad_um := V.8070.02.01;

// Conversión de la velocidad actual a unidades PLC
velocidad_plc := velocidad_um * (0.001 mm/min / 1 u.m.);

// Envío de la velocidad actual al PLC para su visualización en HMI
V.PLC.VELOCIDAD_MASTER := velocidad_plc;
```

En este código, la velocidad actual del cabezal master se lee desde el módulo 8070 utilizando la variable V.8070.02.01, y se convierte a unidades PLC utilizando la relación de conversión correspondiente. Luego, la velocidad actual en unidades PLC se envía al PLC utilizando la variable V.PLC.VELOCIDAD\_MASTER para su visualización en HMI.

Es importante tener en cuenta que la conversión de unidades y la lectura de variables deben seguir las normas y reglamentos de seguridad aplicables, y deben ser probadas y verificadas para garantizar su correcto funcionamiento. Además, dependiendo del fabricante y modelo de controladora de movimiento y PLC, la manera de leer y convertir las velocidades puede variar ligeramente.

Realizando una correcta consulta y conversión de la velocidad de cabezal actual del master, se puede garantizar una visualización precisa y confiable de esta información en la HMI, lo que permite al operador monitorear y controlar el proceso productivo de manera eficiente.",0.686750054359436
Mixta (cerrada + explicación),¿Puedo usar el e-stop para detener la máquina al final de turno? ¿Por qué no?,No;  el e-stop es solo para emergencias. Usa parada normal/controlada.,"El pulsador de parada de emergencia (e-stop) no debe utilizarse para detener la máquina al final de turno, ya que esta función no está relacionada con la seguridad de las personas o la máquina.

El e-stop está diseñado para detener de manera rápida y segura la máquina en caso de emergencia o peligro, como por ejemplo, en caso de detectar una situación anormal o una condición de seguridad que requiera una parada inmediata de la máquina para evitar lesiones o daños en las personas o en la máquina.

Sin embargo, detener la máquina al final de turno no es una situación de emergencia o peligro, ya que el proceso de detención puede realizarse de manera controlada y segura utilizando los métodos y procedimientos de detención previstos en el manual de operaciones y mantenimiento de la máquina.

Además, utilizar el e-stop para detener la máquina al final de turno puede ser contraproducente y generar confusión o falta de seguridad en el operador, ya que la activación del e-stop debe reservarse exclusivamente para situaciones de emergencia o peligro.

Por lo tanto, se recomienda utilizar los métodos y procedimientos de detención previstos en el manual de operaciones y mantenimiento de la máquina para detener la máquina al final de turno, y evitar utilizar el e-stop para esta función.

Realizando una detención controlada y segura de la máquina al final de turno, se puede garantizar un funcionamiento adecuado y fiable de la máquina, y minimizar el riesgo de lesiones o daños en las personas o en la máquina.",0.7838765978813171
Mixta (cerrada + explicación),¿El valor de avance real se entrega en milímetros por minuto o en unidades escaladas del PLC? Explica la escala.,Para el PLC se entrega en unidades PLC: 1 mm/min = 10.000;  1 inch/min = 100.000.,"El valor de avance real se entrega en milímetros por minuto. La escala que se utiliza es de 10.000, lo que significa que un valor de 10.000 en la variable del PLC corresponde a 1 mm por minuto. Esto es así porque el sistema de medición decimal más cercano a 1 mm que se puede representar en el PLC con un solo dígito entero es 10.000 diezmilésimas.",0.8587093353271484
Mixta (cerrada + explicación),¿Se permite puentear temporalmente un micro de puerta para pruebas? ¿Qué alternativa documentada existe?,No;  está prohibido anular protecciones. Alternativa: pruebas en modo manual con puertas cerradas y procedimientos seguros.,"Puentear temporalmente un micro de puerta para pruebas no está permitido, ya que esto puede comprometer la seguridad de las personas y la máquina, y violar las normas y reglamentos de seguridad aplicables.

El micro de puerta es un dispositivo de seguridad crítico que garantiza que la máquina solo pueda operar con las puertas cerradas y bloqueadas, y que se detenga de manera inmediata en caso de apertura inesperada o no autorizada de las puertas.

Puentear temporalmente el micro de puerta puede deshabilitar esta función de seguridad y exponer a las personas a riesgos innecesarios, lo que puede resultar en lesiones o daños en las personas o en la máquina.

Por lo tanto, se recomienda no puentear temporalmente el micro de puerta para pruebas, y utilizar en su lugar una alternativa documentada y segura.

La alternativa documentada para realizar pruebas sin afectar la función de seguridad del micro de puerta es utilizar un interruptor de puerta simulado o un simulador de micro de puerta, que permita simular la apertura y cierre de las puertas sin comprometer la seguridad del sistema.

Un interruptor de puerta simulado o un simulador de micro de puerta es un dispositivo de pruebas especializado que se conecta al sistema de control de la máquina y emula la señal de apertura y cierre de las puertas, sin afectar la función de seguridad del micro de puerta.

Este dispositivo de pruebas permite realizar pruebas y verificaciones de manera segura y confiable, sin comprometer la seguridad de las personas o la máquina, y sin violar las normas y reglamentos de seguridad aplicables.

Realizando pruebas y verificaciones utilizando un interruptor de puerta simulado o un simulador de micro de puerta, se puede garantizar un funcionamiento adecuado y fiable de la máquina, y minimizar el riesgo de lesiones o daños en las personas o en la máquina. Además, es importante documentar y registrar todas las pruebas y verificaciones realizadas, siguiendo los procedimientos y protocolos de seguridad establecidos en el manual de operaciones y mantenimiento de la máquina.",0.7560375332832336
Mixta (cerrada + explicación),"¿La máquina detiene el movimiento inmediatamente si el micro de puerta se abre, incluso sin e-stop? Explica la cadena.","Sí, la apertura del micro abre el circuito de seguridad y provoca la desconexión de servos y la parada.","Sí, la máquina detiene el movimiento inmediatamente si se abre el micro de puerta, incluso sin utilizar el pulsador de parada de emergencia (e-stop). Esto se debe a que las puertas controladas con interruptor de seguridad EUCHNER están conectadas en serie en el circuito eléctrico de la máquina. Cuando una de estas puertas se abre, se interrumpe el circuito, lo que provoca la desconexión de los sistemas y motores de la máquina, deteniendo así su movimiento. Esto es un mecanismo de seguridad para evitar cualquier daño a las personas o a la propia máquina.",0.8519008755683899
Operario,"¿Qué reviso antes de iniciar el primer ciclo del turno (aire, refrigerante, protecciones, HMI)?",Aire 6 bar;  nivel y tipo de refrigerante;  puertas con micro cerradas;  E-stop rearmados;  modo correcto en HMI,"Antes de iniciar el primer ciclo del turno, debes revisar lo siguiente:

1. Aire: Asegúrate de que el sistema neumático esté en buenas condiciones, sin fugas de aire y con los niveles de presión adecuados.
2. Refrigerante: Verifica que el nivel de refrigerante esté en el rango correcto y que no haya fugas en el sistema de refrigeración.
3. Protecciones: Revisa todos los elementos de seguridad de la máquina, como el interruptor general del armario eléctrico, el pulsador de parada de emergencia, los paneles desmontables, puertas y paneles fijos, para garantizar que estén en perfecto estado y funcionando correctamente.

4. HMI (Interfaz Hombre-Máquina): Comprueba que la pantalla táctil y los controles manuales estén en correcto funcionamiento, y que los programas de producción seleccionados sean los adecuados para el trabajo a realizar.

Además, es recomendable realizar una comprobación visual de la máquina en general, para asegurarse de que no haya objetos extraños ni elementos que puedan suponer un riesgo durante su funcionamiento. También, es importante comprobar los niveles de aceite y grasa en los equipos de lubricación y en los sistemas hidráulicos y de engrase manual.",0.7926384806632996
Operario,¿Dónde veo si el sistema está en Manual/Automático y qué indicadores debo comprobar?,"En HMI/pupitre: selector de modo, estados de seguridad/puertas y alarmas activas","Para ver si el sistema está en modo manual o automático, normalmente hay un indicador o una pantalla en el panel de control de la máquina que muestra el modo de funcionamiento actual. El indicador puede ser una luz o un símbolo que cambia de ""Manual"" a ""Automático"" o viceversa, según el modo seleccionado.

Cuando el sistema está en modo manual, algunos de los indicadores que debes comprobar son:

* El estado de los frenos de la máquina, que deben estar activados para evitar cualquier movimiento involuntario.
* Los niveles de presión de aire, que deben ser los adecuados para garantizar un funcionamiento correcto.
* El estado de los motores y los ejes, que deben estar en reposo o en un estado controlado.

Cuando el sistema está en modo automático, algunos de los indicadores que debes comprobar son:

* El estado de los sensores y los interruptores de seguridad, que deben estar funcionando correctamente para garantizar una parada de emergencia rápida y segura.
* Los niveles de refrigerante, que deben ser los adecuados para garantizar un funcionamiento correcto.
* El estado de los programas de producción y los ciclos de trabajo seleccionados, que deben ser los adecuados para el trabajo a realizar.

Es importante recordar que antes de realizar cualquier cambio de modo, se deben seguir los procedimientos de seguridad establecidos, como desconectar el suministro de energía y asegurarse de que no hay personal en la zona de trabajo.",0.7669789791107178
Operario,¿Cómo compruebo que los micros de puerta funcionan sin entrar en mantenimiento?,Accionar puertas normalmente y observar en HMI puerta abierta/cerrada;  comprobar que al cerrar habilita movimiento,"Para comprobar que los micros de puerta funcionan correctamente sin entrar en mantenimiento, puedes seguir los siguientes pasos:

1. Asegúrate de que las puertas estén cerradas y enclavadas correctamente. Los micros de puerta están diseñados para detectar cualquier apertura no autorizada de las puertas y detener la máquina inmediatamente en caso de emergencia.
2. Verifica que los LEDs de los canales de los micros de puerta estén encendidos. Esto indica que los canales están cerrados y que la máquina está lista para funcionar.
3. Puedes probar el funcionamiento de los micros de puerta abriendo y cerrando las puertas suavemente y verificando que los LEDs cambian de estado en consecuencia. Si abres una puerta, el LED correspondiente debería apagarse, y si cierras la puerta, el LED debería encenderse nuevamente.
4. También puedes verificar el estado de los micros de puerta en el panel de control de la máquina. Normalmente, hay un indicador o un mensaje que muestra el estado de los micros de puerta y el estado de las puertas.

Es importante recordar que, si detectas algún problema con los micros de puerta o con las puertas, debes reportarlo inmediatamente al personal de mantenimiento para que puedan realizar las reparaciones necesarias antes de que se produzca una situación de emergencia.",0.7876588106155396
Operario,¿Qué EPI uso cuando hago pruebas de corte a baja velocidad?,Mínimo protección ocular y guantes;  protección auditiva según riesgo,"Cuando se hacen pruebas de corte a baja velocidad, se deben usar Equipos de Protección Individual (EPI) adecuados para protegerse de posibles lesiones. Algunos de los EPI que se deben utilizar son:

1. Gafas de seguridad: es importante proteger los ojos de cualquier partícula de metal o escombros que puedan salir disparados durante el corte.
2. Guantes de seguridad: se deben usar guantes resistentes y ajustados que protejan las manos de cualquier lesión causada por la máquina o por los materiales que se están cortando.
3. Protectores auditivos: es recomendable usar protectores auditivos, como tapones o auriculares, para protegerse de los ruidos fuertes que pueden producirse durante el corte.
4. Ropa ajustada: se debe utilizar ropa ajustada y sin mangas largas que puedan engancharse en la máquina o en los materiales que se están cortando.
5. Calzado de seguridad: se deben utilizar botas de seguridad con punta de acero para proteger los pies de cualquier objeto pesado que pueda caerse.

Es importante recordar que, incluso si se está trabajando a baja velocidad, se deben seguir todas las medidas de seguridad necesarias para evitar cualquier lesión. Además, se debe asegurar de que la máquina esté en buenas condiciones de funcionamiento y que se haya realizado una evaluación de riesgos antes de comenzar las pruebas de corte.",0.7664973735809326
Operario,"Si oigo un ruido anómalo en el retorno, ¿qué hago y a quién aviso?",Parada segura (no e-stop salvo peligro);  registrar alarma y avisar a mantenimiento/supervisión,"Si se escucha un ruido anómalo en el retorno de la máquina, se deben tomar las siguientes medidas de seguridad:

1. Apagar inmediatamente la máquina: es importante detener la máquina lo antes posible para evitar cualquier daño adicional o lesiones personales.
2. Identificar la fuente del ruido: se debe tratar de identificar la fuente del ruido anómalo para determinar la causa del problema. Si es posible, se debe inspeccionar visualmente la máquina para buscar signos de desgaste, daño o averías.
3. No intentar reparar la máquina por sí mismo: se debe evitar intentar reparar la máquina sin la formación y los conocimientos adecuados. Se debe buscar asistencia de un técnico de mantenimiento capacitado y autorizado.
4. Informar del problema: se debe informar al supervisor o al departamento de mantenimiento de inmediato para que puedan tomar las medidas necesarias para reparar la máquina y garantizar la seguridad de los operarios.
5. Realizar una inspección de seguridad: se debe realizar una inspección de seguridad completa de la máquina antes de volver a ponerla en marcha. Se deben verificar todos los componentes y sistemas relevantes para garantizar que estén en buenas condiciones de funcionamiento y que no representen un riesgo para los operarios.

Es importante recordar que la seguridad es la prioridad número uno en cualquier entorno de trabajo. Si se escucha un ruido anómalo o se detecta algún problema en la máquina, se deben tomar medidas inmediatas para garantizar la seguridad de todos los involucrados.",0.7586523294448853
Operario,¿En qué pantalla veo el avance real y cómo sé si supera el límite de la máquina?,Ver G.FREAL en HMI y compararlo con 40 m/min (límite máquina),"Para ver el avance real en una máquina CNC, normalmente se puede encontrar en la pantalla de programa o en la pantalla de estado de la máquina. La pantalla de programa muestra la información relacionada con el programa de mecanizado, incluyendo el avance programado, la velocidad de corte y otras variables importantes. La pantalla de estado de la máquina muestra información en tiempo real sobre el estado de la máquina, incluyendo la posición, la velocidad y el avance.

Para saber si el avance real supera el límite de la máquina, se puede utilizar la variable de lectura desde el programa, PLC e interfaz (V.)[ch].G.FREAL, que devuelve el valor de ejecución del avance real. También se puede utilizar la variable (V.)[ch].MPA.FLIMIT.xn o (V.)[ch].MPA.SLIMIT.sn, que devuelve el valor del límite máximo de seguridad para el avance del eje o la velocidad del cabezal, respectivamente. Si el valor del avance real supera el límite de la máquina, la máquina debe detenerse automáticamente para evitar daños en la máquina o en los componentes.

También se puede utilizar una sonda de medición de avance real, que mide el avance real en tiempo real y lo compara con el avance programado. Si el avance real supera el avance programado, la sonda detiene la máquina automáticamente para evitar daños en la máquina o en los componentes.

En cualquier caso, es importante verificar regularmente los límites de seguridad y los valores de avance reales para garantizar el funcionamiento seguro y eficiente de la máquina CNC.",0.7628359794616699
Operario,¿Cómo hago un jog incremental seguro del eje principal para sacar la brocha del canal?,Modo Manual;  jog incremental;  puertas cerradas;  servos habilitados;  ejecutar movimiento verificando interlocks,"Para realizar un jog incremental seguro del eje principal en una máquina CNC, se deben seguir los siguientes pasos:

1. Asegurarse de que la máquina esté en modo de manejo manual o jog.
2. Verificar el sentido de giro del eje principal para asegurarse de que se mueva en la dirección correcta.
3. Establecer el valor de jog incremental deseado. Se recomienda utilizar un valor bajo, como 0.1 mm o 0.01 pulgadas, para minimizar el riesgo de daños en la máquina o en los componentes.
4. Colocar una protección o barrera física alrededor de la máquina y asegurarse de que no haya nadie cerca de la zona de trabajo.
5. Activar el jog incremental del eje principal y mover la brocha lentamente y con precaución para sacarla del canal.
6. Verificar regularmente el estado de la máquina y los componentes durante el jog incremental para asegurarse de que no haya ningún problema o anomalía.
7. Detener el jog incremental y desactivar la función de jog una vez que la brocha haya sido extraída completamente del canal.

Es importante recordar que el jog incremental del eje principal debe realizarse siempre con precaución y con el debido cuidado. Si se produce algún problema o anomalía durante el jog incremental, se debe detener inmediatamente la máquina y verificar el estado de la misma antes de continuar.

Además, se recomienda realizar una revisión y mantenimiento preventivo regular de la máquina y los componentes para garantizar su funcionamiento seguro y eficiente.",0.7613129615783691
Operario,"Si el HMI muestra puerta abierta pero todas se ven cerradas, ¿qué pasos sigo?",Verificar 23SQ1/24SQ1/24SQ2 y trampilla 25SQ1;  revisar cableado/diagnóstico;  no habilitar servos hasta resolver,"Si el HMI de la máquina CNC muestra el mensaje ""puerta abierta"" pero todas las puertas se ven cerradas, se pueden seguir los siguientes pasos para solucionar el problema:

1. Verificar todos los sensores de puerta y los interruptores de seguridad para asegurarse de que estén funcionando correctamente. Si alguno de los sensores o interruptores está defectuoso o mal conectado, puede causar un falso positivo en el sistema y mostrar el mensaje ""puerta abierta"".
2. Asegurarse de que todas las puertas estén completamente cerradas y enclavadas en su posición. A veces, una pequeña cantidad de juego o holgura en las puertas puede ser suficiente para activar el sensor de puerta y mostrar el mensaje ""puerta abierta"".
3. Reiniciar el sistema de control de la máquina CNC y verificar si el mensaje ""puerta abierta"" desaparece. Si el mensaje sigue apareciendo, es posible que haya un problema de software o hardware en el sistema de control.
4. Comprobar el cableado y las conexiones de los sensores de puerta y los interruptores de seguridad para asegurarse de que estén conectados correctamente. Si hay algún cableado suelto o dañado, puede causar un problema en el sistema y mostrar el mensaje ""puerta abierta"".
5. Si ninguno de los pasos anteriores resuelve el problema, es posible que necesite la ayuda de un técnico o ingeniero de servicio especializado en máquinas CNC. Póngase en contacto con el fabricante o proveedor de la máquina para obtener asistencia técnica y reparación.

Es importante recordar que la seguridad es la máxima prioridad en el funcionamiento de una máquina CNC. Si hay algún problema o mensaje de error en el sistema de control, es importante abordarlo de inmediato y tomar las medidas necesarias para garantizar el funcionamiento seguro y eficiente de la máquina.",0.7268772125244141
Operario,¿Qué pantalla/indicador reviso para confirmar modo Manual/Automático antes de mover en jog?,"Revisar selector/estado en HMI del 8070 y que puertas/seguridad estén OK;  si es jog incremental, usar variables de modo manual.","Para confirmar si la máquina CNC está en modo Manual o Automático antes de mover en jog, se debe revisar la pantalla o indicador del HMI (Human Machine Interface) o del panel de control de la máquina.

En la mayoría de las máquinas CNC, hay un indicador o una pantalla que muestra el modo actual de operación, es decir, si la máquina está en modo Manual, Automático o MDI (Manual Data Input). Por lo general, este indicador se encuentra en una ubicación prominente en el panel de control, y se representa mediante un botón, una etiqueta o un código de color.

Si el indicador muestra que la máquina está en modo Manual, significa que el operador tiene el control total de la máquina y puede mover los ejes y los componentes individualmente utilizando el jog o el modo de mando manual. Si el indicador muestra que la máquina está en modo Automático, significa que la máquina está ejecutando un programa CNC previamente grabado y que no se deben realizar movimientos manuales o jog, ya que podrían interferir o dañar el proceso de fabricación.

Por lo tanto, antes de mover la máquina en jog, se recomienda verificar el indicador de modo operación en el HMI o panel de control para confirmar que la máquina está en modo Manual. Si la máquina no está en modo Manual, se debe cambiar al modo Manual antes de realizar cualquier movimiento manual o jog.",0.7876380681991577
Operario,Dame el procedimiento breve para consignar la máquina antes de abrir paneles no controlados.,Interruptor general en OFF;  bloquear con candado;  señalizar no energizar;  luego abrir paneles.,"Antes de abrir los paneles no controlados de una máquina CNC, es importante seguir un procedimiento de consignación adecuado para garantizar la seguridad del operador y la integridad de la máquina. El procedimiento breve para consignar la máquina antes de abrir paneles no controlados es el siguiente:

1. Detener la máquina: Asegúrese de que la máquina esté completamente detenida y en modo de parada controlada antes de intentar consignarla.
2. Desenergizar la máquina: Desconecte la fuente de alimentación de la máquina o apague el interruptor principal para eliminar cualquier riesgo de descarga eléctrica o lesiones por contacto accidental.
3. Aplicar bloqueos y etiquetas: Aplique bloqueos y etiquetas de seguridad a todos los componentes y sistemas que puedan representar un riesgo durante el proceso de consignación. Los bloqueos y etiquetas deben ser aplicados por personal autorizado y deben seguir los procedimientos de bloqueo y etiquetado específicos de la máquina.
4. Verificar la ausencia de tensión: Verifique visualmente y mediante un medidor de tensión que todos los componentes y sistemas de la máquina estén desenergizados y sin tensión antes de abrir los paneles no controlados.
5. Asegurar los paneles: Asegure los paneles no controlados utilizando los dispositivos de sujeción adecuados, como pernos, tuercas o cerraduras, para evitar su apertura accidental durante el proceso de consignación.
6. Realizar la consignación: Realice la consignación de la máquina siguiendo los procedimientos específicos de la máquina, incluyendo la liberación de los frenos, la colocación de las herramientas y la configuración de los parámetros de seguridad y operación.
7. Verificar la funcionalidad: Después de completar la consignación, verifique la funcionalidad de la máquina y realice pruebas de seguridad antes de comenzar cualquier operación.

Es importante recordar que el procedimiento de consignación puede variar según el tipo y el modelo de la máquina CNC, y se debe seguir estrictamente el procedimiento específico de la máquina proporcionado por el fabricante o el proveedor. La consignación inadecuada o incorrecta de una máquina CNC puede causar lesiones graves o la muerte, así como daños a la máquina y las instalaciones.",0.7338404059410095
Operario,¿Qué hago si veo puerta abierta en HMI pero las tres parecen cerradas?,Verificar 23SQ1/24SQ1/24SQ2 y 25SQ1;  comprobar enclavamiento/cableado;  no habilitar servos hasta resolver.,"Si ves el mensaje ""puerta abierta"" en la pantalla del HMI (Human Machine Interface) de la máquina CNC, pero las tres puertas parecen cerradas, puede haber varias razones para esto. A continuación, se presentan algunos pasos que puedes seguir para solucionar el problema:

1. Verifica visualmente: Verifica visualmente cada puerta para asegurarte de que esté completamente cerrada y asegurada. A veces, una pequeña abertura o un problema mecánico puede hacer que el sensor de la puerta no funcione correctamente.
2. Limpia los sensores: Los sensores de las puertas pueden acumular polvo, suciedad o grasa, lo que puede hacer que fallen. Limpia los sensores con un paño suave y seco o utiliza aire comprimido para eliminar cualquier suciedad o partículas.
3. Revisa los cables: Asegúrate de que los cables de los sensores estén conectados correctamente y no estén dañados. Si los cables están dañados o desconectados, la máquina no podrá detectar correctamente el estado de las puertas.
4. Comprueba el sistema de cierre: Verifica que el sistema de cierre de las puertas esté funcionando correctamente. A veces, el sistema de cierre puede tener un problema mecánico o eléctrico que impida que las puertas se cierren correctamente.
5. Reinicia la máquina: Intenta reiniciar la máquina para ver si el problema se resuelve. Si el problema persiste, contacta al servicio técnico de la máquina para obtener asistencia adicional.

Es importante recordar que abrir las puertas de una máquina CNC mientras está en funcionamiento puede ser peligroso y causar lesiones graves o la muerte. Siempre asegúrate de que la máquina esté completamente detenida y desenergizada antes de intentar abrir cualquier puerta.",0.7241138815879822
Operario  ¿qué harías si?,¿Qué harías si al iniciar ciclo aparece alarma de bajo nivel de refrigerante pero el visor parece lleno?,"Parar de forma segura, verificar el nivel real, revisar el sensor de nivel y rellenar si procede antes de reintentar.","Si al iniciar un ciclo aparece una alarma de ""bajo nivel de refrigerante"" en la máquina CNC, pero el visor de la botella parece lleno, hay varias acciones que puedes tomar para solucionar el problema:

1. Verifica el nivel de refrigerante: Asegúrate de verificar visualmente el nivel de refrigerante en el visor de la botella. A veces, el nivel de refrigerante puede parecer lleno, pero en realidad está por debajo del nivel recomendado. Si el nivel está por debajo del mínimo recomendado, agrega más refrigerante.
2. Comprueba la presión del sistema: Verifica la presión del sistema de refrigeración de la máquina. Si la presión es baja, es posible que haya una fuga en el sistema. Si la presión es normal, es posible que el sensor de nivel de refrigerante esté defectuoso.
3. Revisa el sensor de nivel de refrigerante: El sensor de nivel de refrigerante puede estar sucio o defectuoso. Limpia el sensor con aire comprimido o alcohol isopropílico para eliminar cualquier suciedad o residuo. Si el sensor sigue sin funcionar correctamente, es posible que necesite ser reemplazado.
4. Desconecta y vuelve a conectar el sensor: Desconecta el sensor de nivel de refrigerante y vuelve a conectarlo para asegurarte de que esté correctamente conectado. Si el sensor sigue sin funcionar correctamente, es posible que necesite ser reemplazado.
5. Reinicia la máquina: Reinicia la máquina para ver si el problema se resuelve. Si el problema persiste, contacta al servicio técnico de la máquina para obtener asistencia adicional.

Es importante recordar que operar una máquina CNC con bajos niveles de refrigerante puede dañar la máquina y provocar fallas en el sistema de refrigeración. Siempre asegúrate de verificar el nivel de refrigerante y la presión del sistema antes de operar la máquina. Si no estás seguro de cómo hacerlo, contacta al servicio técnico de la máquina para obtener asistencia adicional.",0.7486137747764587
Operario  ¿qué harías si?,¿Qué harías si el avance indicado en HMI no coincide con el avance sentido de la máquina?,Comparar G.FREAL vs G.PATHFEED y revisar overrides/limitaciones (PLC.G00FEED/MAXFEED);  ajustar y volver a probar.,"Si el avance indicado en la pantalla del HMI (Human Machine Interface) de una máquina CNC no coincide con el avance ""sentido"" de la máquina, hay varias acciones que puedes tomar para solucionar el problema:

1. Verifica la configuración de la unidad de medida: Asegúrate de verificar la configuración de la unidad de medida en el HMI y en la máquina. Si las unidades de medida no coinciden, el avance indicado en el HMI no coincidirá con el avance real de la máquina.
2. Comprueba los parámetros de programación: Verifica los parámetros de programación de la máquina, especialmente los parámetros de avance y velocidad de alimentación. Asegúrate de que estén configurados correctamente y que coincidan con los valores deseados.
3. Verifica el cableado y conexiones: Asegúrate de verificar el cableado y las conexiones entre el HMI y la máquina. Si hay algún cable suelto o dañado, el HMI puede mostrar información incorrecta.
4. Reinicia el sistema: Reinicia el sistema de la máquina y el HMI para ver si el problema se resuelve. Si el problema persiste, contacta al servicio técnico de la máquina para obtener asistencia adicional.
5. Comprueba el firmware y software: Asegúrate de verificar que el firmware y el software de la máquina y el HMI estén actualizados y sean compatibles. Si hay alguna actualización disponible, instála-la y reinicia el sistema.

Es importante recordar que operar una máquina CNC con información incorrecta puede resultar en piezas dañadas o una máquina averiada. Siempre asegúrate de verificar la información mostrada en el HMI y de compararla con el avance real de la máquina antes de continuar con cualquier operación. Si no estás seguro de cómo hacerlo, contacta al servicio técnico de la máquina para obtener asistencia adicional.",0.7107363939285278
Operario  ¿qué harías si?,¿Qué harías si el e-stop del panel no rearma después de girarlo a su posición normal?,"Comprobar el circuito de seguridad (PNOZ), condiciones de puerta y reset de seguridad;  avisar a mantenimiento si persiste.","Si el pulsador de parada de emergencia (e-stop) del panel de control de una máquina CNC no se rearma después de girarlo a su posición normal, hay varias acciones que puedes tomar para solucionar el problema:

1. Verifica el estado del e-stop: Asegúrate de verificar el estado del e-stop en el panel de control y en la máquina. Si el e-stop no se ha rearman, la máquina no podrá funcionar.
2. Verifica el cableado y conexiones: Asegúrate de verificar el cableado y las conexiones entre el e-stop y el panel de control. Si hay algún cable suelto o dañado, el e-stop no podrá rearman.
3. Reinicia el sistema: Reinicia el sistema de la máquina y el panel de control para ver si el problema se resuelve. Si el problema persiste, contacta al servicio técnico de la máquina para obtener asistencia adicional.
4. Verifica el interruptor de reset: Algunos sistemas de e-stop tienen un interruptor de reset separado. Asegúrate de verificar que el interruptor de reset esté en la posición correcta y que el e-stop pueda rearman.
5. Comprueba el firmware y software: Asegúrate de verificar que el firmware y el software de la máquina y el panel de control estén actualizados y sean compatibles. Si hay alguna actualización disponible, instála-la y reinicia el sistema.
6. Limpia el contacto del e-stop: Si el e-stop sigue sin rearman, es posible que el contacto del interruptor esté sucio o dañado. Desconecta el e-stop y límpialo suavemente con un paño limpio y seco. Vuelve a conectar el e-stop y verifica si se puede rearman.

Es importante recordar que un e-stop desactivado puede ser un riesgo de seguridad para la operación de la máquina. Nunca intentes operar una máquina CNC con un e-stop desactivado o sin poder rearman. Si no estás seguro de cómo solucionar el problema, contacta al servicio técnico de la máquina para obtener asistencia adicional.",0.7616555690765381
Operario  ¿qué harías si?,¿Qué harías si tras un pequeño golpe de la brocha la máquina no permite habilitar servos?,"Revisar alarmas activas, enclavamientos de seguridad y condiciones mecánicas antes de rearmar.","Si tras un pequeño golpe de la brocha la máquina CNC no permite habilitar los servos, hay varias acciones que puedes tomar para solucionar el problema:

1. Verifica el estado de los servos: Asegúrate de verificar el estado de los servos en el panel de control de la máquina. Si los servos están deshabilitados, la máquina no podrá funcionar.
2. Verifica el cableado y conexiones: Asegúrate de verificar el cableado y las conexiones entre los servos y la máquina. Si hay algún cable suelto o dañado, los servos no podrán habilitarse.
3. Reinicia el sistema: Reinicia el sistema de la máquina y los servos para ver si el problema se resuelve. Si el problema persiste, contacta al servicio técnico de la máquina para obtener asistencia adicional.
4. Comprueba los parámetros de seguridad: Algunas máquinas CNC tienen parámetros de seguridad que deshabilitan los servos si se detecta una colisión o una anomalía en el sistema. Verifica los parámetros de seguridad y desactívalos temporalmente si es necesario.
5. Verifica el software de la máquina: Si el problema persiste, es posible que el software de la máquina tenga un error o una falla. Verifica el software y actualiza a la última versión si está disponible.
6. Comprueba los sensores de seguridad: Algunas máquinas CNC tienen sensores de seguridad que detectan colisiones o anomalías en el sistema. Verifica los sensores de seguridad y asegúrate de que estén funcionando correctamente.
7. Desconecta y vuelve a conectar el sistema de servos: Si el problema persiste, es posible que sea necesario desconectar y volver a conectar el sistema de servos. Asegúrate de seguir las instrucciones del fabricante de la máquina para realizar esta operación de manera segura.

Es importante recordar que una máquina CNC sin servos habilitados puede ser un riesgo de seguridad para la operación de la máquina. Nunca intentes operar una máquina CNC sin servos habilitados o con un sistema de servos desconectado. Si no estás seguro de cómo solucionar el problema, contacta al servicio técnico de la máquina para obtener asistencia adicional.",0.7090927362442017
Preguntas abiertas,Explica el checklist de arranque seguro desde equipo parado hasta primer corte.,"Conectar aire (6 bar), energía (3x380V/50Hz), comprobar E-stops rearmados, llenar lubricación/hidráulico/refrigerante especificados y ajustar velocidades ?40 m/min.","Un checklist de arranque seguro es una lista de verificación que se utiliza para asegurar que se han completado todos los pasos necesarios antes de iniciar una máquina CNC. El checklist de arranque seguro desde equipo parado hasta primer corte debe incluir los siguientes pasos:

1. Verifica que el área de trabajo esté despejada y libre de obstáculos.
2. Asegúrate de que todos los interruptores de seguridad estén activados y en la posición correcta.
3. Comprueba que los niveles de líquidos y lubricantes estén en los niveles adecuados.
4. Verifica que todas las herramientas y accesorios estén correctamente instalados y ajustados.
5. Asegúrate de que el programa de mecanizado esté cargado y verificado.
6. Comprueba que los parámetros de seguridad y protección estén activados y configurados correctamente.
7. Verifica que la máquina esté correctamente conectada a la fuente de alimentación y a los sistemas de control.
8. Asegúrate de que la máquina esté correctamente configurada para el material a ser mecanizado.
9. Realiza una comprobación de colisiones y verifica que el programa de mecanizado no causará colisiones o daños a la máquina.
10. Verifica que todos los sistemas de seguridad y protección estén activados y funcionando correctamente.
11. Inicia la máquina en modo de prueba y verifica que todos los ejes y sistemas estén funcionando correctamente.
12. Realiza una comprobación final de todos los parámetros y configuraciones antes de iniciar el corte.
13. Inicia el proceso de mecanizado y supervisa constantemente la máquina y el proceso.

Recuerda que el checklist de arranque seguro debe ser personalizado y adaptado a la máquina CNC específica y al proceso de mecanizado. Siempre sigue las recomendaciones y los procedimientos de seguridad establecidos por el fabricante de la máquina y los expertos en seguridad industrial.",0.7264649271965027
Preguntas abiertas,Describe cómo ajustar el avance para no superar el límite de la máquina y cómo verificarlo en el HMI.,Limitar por canal con PLC.G00FEED/MAXFEED y comprobar en pantalla el avance real (G.FREAL) ? 40 m/min.,"Ajustar el avance para no superar el límite de la máquina es un proceso que implica la configuración del parámetro de avance máximo permitido en la máquina CNC. A continuación, se describen los pasos para ajustar el avance y verificarlo en el HMI:

1. Consulta la documentación de la máquina CNC para determinar el límite de avance máximo permitido.
2. Abre el programa de control numérico de la máquina y selecciona la opción de configuración de parámetros.
3. Busca el parámetro de avance máximo permitido y ajusta el valor según el límite especificado en la documentación de la máquina.
4. Guarda los cambios y cierra el programa de control numérico.
5. Inicia la máquina en modo de prueba y selecciona la opción de verificación de avance en el HMI.
6. Ejecuta el programa de mecanizado en modo de prueba y verifica que el avance no supere el límite especificado.
7. Si el avance supera el límite, reduce el parámetro de avance máximo permitido y repite los pasos de verificación.
8. Una vez que el avance se encuentre dentro del límite permitido, puedes iniciar el proceso de mecanizado real.
9. Durante el proceso de mecanizado, supervisa constantemente el avance y los parámetros de la máquina para asegurarte de que se mantengan dentro de los límites seguros.

Recuerda que el ajuste del avance máximo permitido debe ser personalizado y adaptado a la máquina CNC específica y al proceso de mecanizado. Siempre sigue las recomendaciones y los procedimientos de seguridad establecidos por el fabricante de la máquina y los expertos en seguridad industrial.",0.7533906698226929
Preguntas abiertas,Explica cómo el PLC debe convertir mm/min a unidades PLC al leer el avance real.,Multiplicar por 10.000 (1 mm/min = 10.000 unidades PLC).,"El PLC debe convertir los milímetros por minuto (mm/min) a unidades PLC al leer el avance real de la máquina CNC, ya que el PLC requiere unidades específicas para procesar los datos. A continuación, se describen los pasos para realizar la conversión de mm/min a unidades PLC:

1. Consulta la documentación de la máquina CNC para determinar la relación de conversión entre mm/min y unidades PLC.
2. Multiplica el valor de avance real en mm/min por la relación de conversión especificada en la documentación de la máquina.
3. Redondea el resultado a la precisión especificada por el fabricante de la máquina CNC.
4. Inserta el resultado convertido en el registro de datos del PLC asociado al avance real.

Por ejemplo, si la relación de conversión entre mm/min y unidades PLC es de 1000, y el avance real es de 100 mm/min, la conversión se realizaría de la siguiente manera:

100 mm/min x 1000 = 100000 unidades PLC

El PLC almacenaría el valor 100000 en el registro de datos asociado al avance real.

Recuerda que la relación de conversión entre mm/min y unidades PLC puede variar según la máquina CNC y el fabricante. Siempre sigue las recomendaciones y los procedimientos establecidos por el fabricante de la máquina y los expertos en automatización.",0.7790881395339966
Preguntas abiertas,Detalla el flujo de señales desde el micro de puerta hasta la condición de habilitación de movimiento.,Micro EUCHNER (23SQ1/24SQ1/24SQ2/25SQ1) ? módulo de seguridad (PNOZmulti) ? circuito de autorización que habilita servos cuando todas las puertas están cerradas.,"El flujo de señales desde el micro de puerta hasta la condición de habilitación de movimiento en una máquina CNC implica una serie de pasos que garantizan la seguridad y el correcto funcionamiento de la máquina. A continuación, se describe el flujo de señales asociado a la condición de habilitación de movimiento:

1. El micro de puerta detecta el cierre de la puerta de la máquina y envía una señal de entrada al PLC.
2. El PLC verifica la integridad de la señal y valida el cierre de la puerta.
3. El PLC activa la marca de entrada local asociada a la puerta y envía una señal de salida al módulo de control de seguridad.
4. El módulo de control de seguridad verifica la condición de habilitación de movimiento y activa la marca correspondiente.
5. El PLC lee la marca de habilitación de movimiento y habilita el movimiento de la máquina.
6. La unidad de control del eje o cabezal recibe la señal de habilitación de movimiento y activa los servomotores asociados.
7. La máquina CNC realiza el movimiento programado y supervisa la posición y velocidad del eje o cabezal.

Es importante mencionar que el flujo de señales asociado a la condición de habilitación de movimiento puede variar según el diseño y la configuración de la máquina CNC. Siempre sigue las recomendaciones y los procedimientos establecidos por el fabricante de la máquina y los expertos en automatización. Además, asegúrate de que el sistema de control de seguridad esté certificado y cumpla con las normas y reglamentos locales e internacionales.",0.7682647705078125
Preguntas abiertas,Explica cuándo usar parada normal vs. parada de emergencia y por qué.,"E-stop solo en emergencia (riesgo a personas/daños). En paradas normales, usar las funciones de parada de servicio/controlada.","En el contexto de máquinas CNC y robóticas, la parada normal y la parada de emergencia son dos opciones de detención que tienen diferentes propósitos y usos.

La parada normal se utiliza cuando se desea detener la operación de la máquina o el robot de manera segura y controlada, normalmente al final de un ciclo o al cambiar de herramienta. La parada normal se realiza mediante una secuencia de parada programada en el PLC o el controlador de la máquina, lo que garantiza que todos los procesos y movimientos se detengan de forma ordenada y segura.

La parada de emergencia, por otro lado, se utiliza cuando se detecta una situación inesperada o peligrosa que requiere una detención inmediata e incondicional de la máquina o el robot. La parada de emergencia se realiza mediante la pulsación del botón de parada de emergencia, que está diseñado para ser accesible y visible en todo momento. La parada de emergencia desactiva todos los sistemas y motores de la máquina o el robot, independientemente del estado de la operación o el ciclo en curso.

La diferencia principal entre las dos opciones de parada es el grado de control y seguridad asociado a cada opción. La parada normal se realiza de manera controlada y programada, lo que garantiza que todos los procesos y movimientos se detengan de forma ordenada y segura, y minimiza el riesgo de daños a la máquina o al operador. La parada de emergencia, por otro lado, se realiza de manera inmediata y brusca, y se utiliza únicamente en situaciones de emergencia o peligro.

En resumen, se recomienda usar la parada normal en situaciones programadas o esperadas, como el final de un ciclo o el cambio de herramienta, y la parada de emergencia en situaciones inesperadas o peligrosas, como la detección de una falla mecánica o una situación de riesgo para el operador. Siempre sigue las recomendaciones y los procedimientos establecidos por el fabricante de la máquina o el robot, y asegúrate de que el sistema de control de seguridad esté certificado y cumpla con las normas y reglamentos locales e internacionales.",0.7619577646255493
Preguntas abiertas,"Describe cómo diagnosticar un fallo de micro de seguridad intermitente (síntomas, pruebas, registros).","Reproducir fallo actuando la puerta, revisar diagnóstico del PNOZ, cableado/actuadores EUCHNER y histórico de alarmas en HMI.","Diagnosticar un fallo de micro de seguridad intermitente puede ser un proceso desafiante y complejo, ya que los síntomas y las causas pueden variar ampliamente. A continuación, se describe un enfoque sistemático para diagnosticar un fallo de micro de seguridad intermitente, que incluye la identificación de síntomas, la realización de pruebas y la revisión de registros.

Síntomas:

* El micro de seguridad falla de manera intermitente, lo que significa que funciona correctamente durante un período de tiempo, pero luego falla durante un ciclo de operación.
* El sistema de control de seguridad genera mensajes de error o alertas relacionados con el micro de seguridad.
* La máquina o el robot no pueden operar de manera segura o confiable.

Pruebas:

* Comprobar la conexión eléctrica y los cables asociados al micro de seguridad.
* Verificar el funcionamiento del micro de seguridad en condiciones de operación normales y anormales.
* Realizar pruebas de diagnóstico utilizando herramientas de diagnóstico especializadas y el software de control de la máquina o el robot.
* Verificar la configuración y la programación del micro de seguridad y el sistema de control de seguridad.

Registros:

* Revisar los registros de eventos y errores asociados al micro de seguridad y al sistema de control de seguridad.
* Analizar los registros de diagnóstico y los datos de telemetría recopilados durante las pruebas y la operación normal de la máquina o el robot.
* Comparar los registros y los datos de telemetría con los parámetros de referencia y los valores esperados.

En general, diagnosticar un fallo de micro de seguridad intermitente requiere un enfoque sistemático y metódico, que incluya la identificación de síntomas, la realización de pruebas y la revisión de registros. Si no se puede identificar o solucionar el problema, se recomienda buscar asistencia adicional de expertos en automatización y control de seguridad. Además, sigue las recomendaciones y los procedimientos establecidos por el fabricante de la máquina o el robot, y asegúrate de que el sistema de control de seguridad esté certificado y cumpla con las normas y reglamentos locales e internacionales.",0.7421383261680603
Preguntas abiertas,Propón un check de pre-ciclo que combine máquina y CNC,(1) Aire 6 bar;  (2) Puertas/trampilla cerradas (23SQ1/24SQ1/24SQ2/25SQ1);  (3) E-stops rearmados;  (4) G.FRO 80100%;  (5) PLC.G00FRO ? 100%;  (6) G.FREAL = 0 en reposo.,"A continuación, se propone un check de pre-ciclo que combine máquina y CNC:

1. Verificar la integridad física de la máquina y el CNC, incluyendo la ausencia de daños visibles, fugas de líquidos o gases, y el correcto funcionamiento de los interruptores de emergencia y los dispositivos de protección.
2. Verificar la configuración y la conexión eléctrica del CNC y los dispositivos periféricos, incluyendo las entradas y salidas, las conexiones de red y las interfaces de comunicación.
3. Verificar la configuración y la programación del CNC, incluyendo los parámetros de funcionamiento, los programas de control y las secuencias de operación.
4. Verificar la integridad de los programas de control de la máquina y los periféricos, incluyendo las herramientas de corte, las mesas de trabajo y los dispositivos de transporte.
5. Verificar la calibración y la precisión de los sensores y los dispositivos de medición, incluyendo los codificadores, los encoders y los sistemas de visión.
6. Verificar la ausencia de interferencias electromagnéticas o electromecánicas que puedan afectar el funcionamiento del CNC y la máquina.
7. Verificar la ausencia de objetos extraños o desechos en el área de trabajo de la máquina y los alrededores.
8. Verificar la disponibilidad y el funcionamiento de los dispositivos de protección personal, incluyendo las gafas de seguridad, los guantes y los protectores auditivos.
9. Verificar la disponibilidad y el funcionamiento de los sistemas de extinción de incendios y los dispositivos de alarma.
10. Verificar la existencia y la validez de los permisos y las autorizaciones necesarios para operar la máquina y el CNC.

Este check de pre-ciclo debe ser realizado por personal capacitado y autorizado, y debe ser documentado y registrado para fines de seguimiento y auditoría. Además, sigue las recomendaciones y los procedimientos establecidos por el fabricante de la máquina y el CNC, y asegúrate de que el sistema de control de seguridad esté certificado y cumpla con las normas y reglamentos locales e internacionales.",0.705938458442688
Preguntas abiertas,Para auditar grounding: cita la norma CE principal y dos normas armonizadas de la A218.,"Directiva 2006/42/CE y, por ejemplo, EN ISO 12100 y EN 60204-1.","La norma CE principal que se aplica a la conexión a tierra (grounding) en equipos eléctricos es la directiva de baja tensión (DBT) 2014/35/UE. Esta directiva establece los requisitos mínimos de seguridad eléctrica para equipos y sistemas de baja tensión, y requiere que los fabricantes y los distribuidores garanticen que los productos cumplan con estos requisitos antes de ser comercializados en la Unión Europea.

En cuanto a las normas armonizadas de la serie A218 que se aplican a la conexión a tierra, se pueden citar las siguientes:

1. La norma EN 61439-1:2011+A1:2014 ""Aparellajes de distribución de baja tensión - Parte 1: Requisitos generales"" establece los requisitos generales de seguridad y compatibilidad electromagnética para los aparellajes de distribución de baja tensión, y especifica los requisitos mínimos de conexión a tierra para estos equipos.
2. La norma EN 61439-6:2018 ""Aparellajes de distribución de baja tensión - Parte 6: Requisitos particulares para aparellajes de distribución de baja tensión con conexión a tierra por derivación"" especifica los requisitos particulares de conexión a tierra para los aparellajes de distribución de baja tensión con conexión a tierra por derivación, y proporciona recomendaciones para la selección, el diseño y la instalación de estos equipos.

Estas normas armonizadas de la serie A218 son parte de las normas europeas que se utilizan para garantizar la seguridad y la compatibilidad electromagnética de los equipos eléctricos, y se deben aplicar en conjunto con la directiva de baja tensión para garantizar el cumplimiento de los requisitos de seguridad y compatibilidad electromagnética en equipos y sistemas de baja tensión.",0.765053927898407
Preguntas cerradas,¿El sistema requiere 6 bar nominales de aire comprimido para operar en automático?,Sí;  6 bar (225 L/min) filtrado y secado,"Sí, el sistema requiere un suministro de aire comprimido máximo a 6 bar para operar en modo automático. Esto se indica en el contexto proporcionado, donde se especifica que la conexión del suministro de aire máx. debe ser a 6 bar para poder poner en marcha la máquina en modo automático. Además, el sistema neumático está compuesto por una válvula neumática de mando manual, un filtro regulador de presión, un secador de aire, manómetros, un lubricador, presostatos, reguladores de presión, electroválvulas, silenciadores, etc., que están diseñados para funcionar con una presión de aire comprimido de hasta 6 bar.

Sin embargo, es importante tener en cuenta que el sistema puede requerir una presión de aire comprimido específica para cada componente o función, y que la presión de funcionamiento debe ser ajustada y controlada según los requisitos del fabricante y las recomendaciones de operación. Además, se deben seguir los procedimientos de mantenimiento y pruebas de rutina para garantizar el correcto funcionamiento del sistema de aire comprimido y el sistema neumático en general.",0.7765054702758789
Preguntas cerradas,¿Existe un procedimiento específico para consignar el interruptor general con candado?,Sí: consignación/bloqueo del interruptor general antes de intervenir (bloquear y señalizar),"Sí, existe un procedimiento específico para consignar el interruptor general con candado, que se describe en el apartado 2.2.4 del manual proporcionado. Este procedimiento se denomina ""Consignación de la máquina mediante el interruptor general del armario eléctrico"".

El procedimiento consta de los siguientes pasos:

1. Asegurarse de que la máquina esté parada y desconectada de la fuente de alimentación eléctrica principal.
2. Abrir la puerta del armario eléctrico y localizar el interruptor general.
3. Colocar el interruptor general en la posición ""OFF"" (apagado).
4. Colocar un candado en la palanca del interruptor general, asegurándose de que el candado esté cerrado y no pueda ser retirado sin la llave correspondiente.
5. Colocar una etiqueta de advertencia en el candado, indicando el nombre y la fecha de la persona que ha realizado la consignación.
6. Informar a la persona responsable de mantenimiento o a la persona que vaya a realizar el trabajo en la máquina, de que la máquina ha sido consignada y que no debe ser puesta en marcha sin seguir el procedimiento de desconsignación correspondiente.

Es importante seguir este procedimiento de consignación de forma rigurosa y correcta, para garantizar la seguridad del personal y la integridad del equipo durante el mantenimiento o la reparación. Además, se deben cumplir todas las normas y regulaciones locales y nacionales en materia de seguridad eléctrica y neumática, así como las recomendaciones del fabricante y las buenas prácticas de la industria.",0.7953712344169617
Preguntas cerradas,¿Los paneles de mantenimiento provocan parada automática al abrirse durante el ciclo?,No necesariamente: son paneles no controlados;  deben permanecer cerrados antes de conectar la máquina.,"No, los paneles de mantenimiento no provocan parada automática al abrirse durante el ciclo. Esto se indica en el contexto proporcionado, donde se especifica que la apertura de los paneles de mantenimiento no controlados no provoca una parada de la máquina, y que solo se deben abrir para realizar tareas de mantenimiento cuando la máquina está parada y consignada.

Sin embargo, se advierte que la apertura de los paneles durante el servicio automático puede ocasionar un peligro de daños personales, ya que la máquina no se detiene y puede continuar operando con normalidad, lo que podría ser peligroso para las personas que trabajan en el área de la máquina. Por lo tanto, se deben tomar medidas de seguridad adecuadas al abrir los paneles de mantenimiento, como asegurarse de que la máquina esté completamente parada y desenergizada, y tomar precauciones para evitar el contacto con las partes móviles y los mecanismos de la máquina.

Además, se deben seguir los procedimientos de mantenimiento y seguridad recomendados por el fabricante y las buenas prácticas de la industria, como utilizar herramientas adecuadas y asegurarse de que los paneles de mantenimiento estén correctamente cerrados y asegurados después de realizar las tareas de mantenimiento.",0.8196138739585876
Preguntas cerradas,Lista en una línea las cuatro barreras principales que bloquean movimiento en la A218 y dónde leerlas/visualizarlas.,"(1) Puertas con micro (23SQ1, 24SQ1, 24SQ2);  (2) Trampilla 25SQ1;  (3) E-Stop;  (4) Falta de aire a 6 bar. Estados en HMI/PLC.","Las cuatro barreras principales que bloquean el movimiento en la A218 son:

1. Interruptores de seguridad EUCHNER en las puertas controladas (visualizarlos en la Figura 2-3).
2. Micros de puertas con selector de bloqueo (leerlos en el apartado ""MANTENIMIENTO COMPONENTES ELECTRICOS"").
3. Dispositivo de seguridad de bloqueo mecánico en el portón frontal y puertas correderas laterales (visualizarlos en la descripción de estas piezas).
4. Panel operador con botón de emergencia y opciones de parada, servicio y habilitación de puertas (visualizarlos en la Figura 6-2).

Estas barreras están diseñadas para garantizar la seguridad y la integridad del equipo y del personal que opera y mantiene la máquina A218. Se deben seguir los procedimientos y protocolos de seguridad recomendados por el fabricante y las normas y regulaciones locales y nacionales en materia de seguridad eléctrica y neumática, para garantizar el correcto funcionamiento y mantenimiento de estas barreras y la prevención de accidentes y lesiones en el lugar de trabajo.",0.7656087279319763
Preguntas cerradas,¿Qué variable del 8070 me da el nombre del cabezal master para mostrarlo en HMI?,SP.SPDLNAME (master sin índice).,"La variable que proporciona el nombre del cabezal master para mostrarlo en la interfaz hombre-máquina (HMI) es [2].G.HMS, que es una variable de lectura desde el interfaz y de reporte (para uso desde los scripts).

Esta variable devuelve un valor hexadecimal, con cada bit representando una función M del cabezal master, e indicando si debe visualizarse (bit=1) o no (bit=0) dicha función. El valor 1 ($1) corresponde a la función M0, el valor 2 ($2) a la función M1, el valor 4 ($4) a la función M2, y así sucesivamente.

Para mostrar el nombre del cabezal master en la HMI, se puede utilizar una tabla de consulta que relacione los valores hexadecimales de la variable [2].G.HMS con los nombres correspondientes de los cabezales. Por ejemplo, si el valor hexadecimal de la variable [2].G.HMS es $1, el nombre del cabezal master será el correspondiente a la función M0, y así sucesivamente.

Es importante tener en cuenta que la variable [2].G.HMS solo proporciona el nombre del cabezal master en un sistema multicabezal, y que en un sistema con un solo cabezal, éste será siempre el cabezal master. Además, se deben seguir las recomendaciones y procedimientos de programación y visualización seguros y adecuados, para garantizar la integridad y la fiabilidad de los datos y las operaciones en la HMI.",0.7410442233085632
Preguntas cerradas,¿Cuál es el avance máximo permitido de la A218 y cómo lo harías cumplir en el 8070?,40 m/min;  limitar rápido con PLC.G00FRO y supervisar G.FREAL ? 40 m/min (unidades PLC).,"La máquina A218 tiene un avance máximo permitido que está definido por los límites de software de velocidad y longitud de los ejes, así como por los límites físicos de la máquina y sus componentes.

Para hacer cumplir el avance máximo permitido en el control numérico (CNC) 8070, se pueden utilizar las variables de límite máximo de seguridad para el avance del eje (V.[ch].MPA.FLIMIT.xn) y la variable de límite máximo de seguridad para la velocidad del cabezal (V.[ch].MPA.SLIMIT.sn).

Estas variables permiten establecer los límites máximos de velocidad y longitud del avance del eje, y de la velocidad del cabezal, y se pueden configurar y programar en el 8070 para garantizar que el avance máximo permitido no se sobrepase.

Además, se pueden utilizar los programas de control y movimiento del 8070 para establecer los parámetros y las condiciones de funcionamiento de la máquina, y los modos de operación y de manejo de las herramientas y los ejes, para garantizar que el avance máximo permitido no se exceda.

Por ejemplo, se puede programar el 8070 para que detenga la ejecución del programa en caso de que se alcancen los límites máximos de velocidad y longitud del avance del eje, o en caso de que se sobrepase la velocidad máxima del cabezal.

También se pueden utilizar los programas de simulación y de verificación del 8070 para comprobar y validar el cumplimiento del avance máximo permitido, y se pueden realizar pruebas y ensayos en la máquina para asegurar que los parámetros y las condiciones de funcionamiento se cumplen y se respetan.

Es importante tener en cuenta que el cumplimiento del avance máximo permitido de la A218 requiere una programación y un control adecuados y seguros en el 8070, y que se deben seguir las recomendaciones y los procedimientos de programación y operación recomendados por el fabricante y las normas y regulaciones locales y nacionales en materia de seguridad y operación de máquinas CNC.",0.713015615940094
Preguntas cerradas,¿Puedo abrir los paneles de mantenimiento durante automático para echar un vistazo?,No;  son paneles no controlados y su apertura es peligrosa;  mantener cerrados en servicio.,"No, los paneles de mantenimiento no deben abrirse durante el servicio automático de la máquina, incluso para ""echar un vistazo"". La apertura de los paneles de mantenimiento durante el servicio automático puede provocar una parada de la máquina y un peligro de daños personales.

Los paneles de mantenimiento de la máquina están atornillados y no pueden abrirse sin las herramientas correspondientes. La apertura de estos paneles durante el servicio automático no provoca una parada de la máquina, lo que puede ocasionar un riesgo para la seguridad de las personas que trabajan en la máquina.

La máquina dispone de tres puertas controladas con interruptores de seguridad, que deben estar cerradas durante el servicio automático. La apertura de los interruptores provoca la desconexión de los distintos sistemas y servomotores y la parada de la máquina.

Por lo tanto, se deben seguir las recomendaciones y los procedimientos de seguridad establecidos por el fabricante y las normas y regulaciones locales y nacionales en materia de seguridad y operación de máquinas CNC. Solo se deben abrir los paneles de mantenimiento cuando la máquina esté parada y consignada, y se deben utilizar las herramientas correspondientes para realizar tareas de mantenimiento y reparación.",0.7990894317626953
Preguntas cerradas,"Si instalo una brocha de 2640 mm, ¿entra en la A218 y qué curso máximo admite el carro?",Sí;  brocha 2640 mm máx. y curso 3000 mm.,"La máquina A218 está diseñada para un carro portabrocas con una longitud máxima de 3000 mm. Por lo tanto, una brocha de 2640 mm debería entrar en la A218 sin problemas, siempre y cuando se respete la capacidad de carga máxima y las especificaciones técnicas de la máquina.

El carro de la A218 admite un curso máximo de desplazamiento en el eje Z de 3150 mm, lo que permite el brochado de piezas de gran longitud. Sin embargo, el curso máximo admisible de la brocha de 2640 mm dependerá de la distancia entre el punto de montaje de la brocha y el extremo inferior del carro, y de la ubicación de los portabrocas en el carro.

Por lo tanto, se recomienda verificar las especificaciones técnicas y las recomendaciones del fabricante antes de instalar una brocha de 2640 mm en la A218, y asegurarse de que se respetan los límites de carga y desplazamiento máximos de la máquina.

Además, se deben seguir los procedimientos y las normas de seguridad establecidos por el fabricante y las normas y regulaciones locales y nacionales en materia de seguridad y operación de máquinas CNC, para garantizar un funcionamiento seguro y eficiente de la A218.",0.7707827091217041
Preguntas cerradas,"En multicanal, ¿cómo leo NAXIS del canal 2 desde PLC para diagnóstico de configuración?",[2].MPG.NAXIS.,"Para leer la variable `NAXIS` del canal 2 desde el PLC en un sistema multicanal, puedes utilizar la sintaxis de variable `[ch].G.NAXIS`, donde `ch` es el número de canal.

Por lo tanto, para leer la variable `NAXIS` del canal 2 desde el PLC, puedes utilizar la variable `[2].G.NAXIS`.

Esta variable devuelve el número de ejes del canal 2 contando los huecos de ejes cedidos. La variable `NAXIS` se puede leer desde el PLC en modo de diagnóstico para verificar la configuración del canal y detectar posibles errores o inconsistencias en la programación.

Es importante verificar que se está leyendo la variable del canal correcto y que la sintaxis de la variable está escrita correctamente, para evitar errores de programación y de diagnóstico.

Además, se recomienda seguir las recomendaciones y los procedimientos de seguridad establecidos por el fabricante y las normas y regulaciones locales y nacionales en materia de seguridad y operación de máquinas CNC, para garantizar un funcionamiento seguro y eficiente de la máquina.",0.7696706056594849
Preguntas cerradas,¿Qué EPI mínimos exige el manual para trabajar con la máquina en marcha y desde qué nivel son necesarios protectores auditivos?,Gafas y guantes mínimos;  protección auditiva a partir de 78 dB.,"De acuerdo con el manual, los EPI mínimos requeridos para trabajar con la máquina en marcha son:

* Gafas de seguridad: para proteger los ojos de posibles partículas proyectadas, especialmente durante el trabajo con herramientas.
* Guantes de seguridad: para proteger las manos de lesiones, especialmente durante el manejo de herramientas o piezas de la máquina.

Además, el manual recomienda el uso de protectores auditivos cuando el ruido de la máquina supere los 78 dB. En este caso, se pueden usar auriculares o tapones de protección auditiva.

La necesidad de protectores auditivos depende del nivel de ruido de la máquina, y se deben usar cuando el nivel de ruido supere los 78 dB, ya que este nivel puede causar daño auditivo a largo plazo. Por lo tanto, es importante verificar el nivel de ruido de la máquina y usar protectores auditivos cuando sea necesario.

Además de los EPI mínimos mencionados anteriormente, el manual también recomienda el uso de otros EPI, como casco de seguridad y calzado de seguridad, dependiendo del tipo de trabajo y las tareas específicas a realizar. Es importante seguir las recomendaciones de seguridad y el uso de EPI establecidos por el fabricante y las normas y regulaciones locales y nacionales en materia de seguridad y operación de máquinas CNC.",0.8034026026725769
Preguntas cerradas,Explica por qué NO se puede puentear un micro EUCHNER para pruebas.,Prohibido anular protecciones;  el micro garantiza parada segura al abrir el circuito de seguridad.,"""Puentear"" un micro interruptor EUCHNER significa conectar un cable o un circuito eléctrico alrededor del interruptor para evitar que éste funcione como un interruptor normal, y en su lugar, proporcionar una conexión continua o un circuito cerrado. Esto se puede hacer con el fin de realizar pruebas o para evitar la necesidad de abrir o cerrar el interruptor manualmente.

Sin embargo, no se recomienda ""puentear"" un micro interruptor EUCHNER para pruebas o para cualquier otro propósito, ya que esto puede ocasionar varios problemas de seguridad y funcionamiento.

En primer lugar, los micro interruptores EUCHNER están diseñados para garantizar la seguridad de las personas y las máquinas. Cuando el interruptor está abierto, la máquina debe detenerse o entrar en un modo seguro, y cuando el interruptor está cerrado, la máquina debe funcionar normalmente. Si se ""puentear"" el interruptor, esto puede hacer que la máquina funcione incluso cuando el interruptor está abierto, lo que puede causar lesiones o daños a las personas o a la máquina.

En segundo lugar, los micro interruptores EUCHNER están diseñados para garantizar un funcionamiento fiable y preciso de la máquina. Si se ""puentear"" el interruptor, esto puede hacer que la máquina funcione de manera inconsistente o imprecisa, lo que puede afectar la calidad del trabajo o incluso causar daños a la máquina.

En tercer lugar, los micro interruptores EUCHNER están diseñados para cumplir con las normas y regulaciones de seguridad y funcionamiento de las máquinas CNC. Si se ""puentear"" el interruptor, esto puede hacer que la máquina no cumpla con estas normas y regulaciones, lo que puede causar problemas de responsabilidad y garantía.

Por lo tanto, se recomienda no ""puentear"" un micro interruptor EUCHNER para pruebas o para cualquier otro propósito, y en su lugar, se deben realizar pruebas y trabajos de mantenimiento y reparación de acuerdo con las recomendaciones del fabricante y las normas y regulaciones locales y nacionales en materia de seguridad y operación de máquinas CNC.",0.7330089211463928
Preguntas cerradas,¿Con qué variables detecto en el 8070 que estoy en jog incremental y qué avances aplica en manual?,Conmutador/estado de jog incremental y familia de variables de modo manual (cap. 21).,"Para detectar si el modo Jog Incremental está activado en un controlador Siemens 8070, puedes revisar el valor de la variable `V.G.MANMODE`. Esta variable devuelve el valor de ejecución y detiene la preparación de bloques. Cuando `V.G.MANMODE` está en el valor 3, el modo Jog Incremental está activado.

En cuanto a los avances aplicados en modo manual, estos se pueden configurar mediante las variables `V.[CH].MPA.JOGFEED.XN` y `V.[CH].MPA.JOGRAPFEED.XN`. La variable `V.[CH].MPA.JOGFEED.XN` define el avance en jog continuo y la variable `V.[CH].MPA.JOGRAPFEED.XN` define el avance rápido en jog continuo.

El valor de estas variables se expresa en unidades por minuto y se puede configurar para cada eje de la máquina (XN). La selección del avance se realiza mediante las posiciones del conmutador del panel de mando o por el PLC, y la prioridad es del PLC.

En resumen, para detectar si se está en jog incremental en un controlador Siemens 8070, puedes revisar el valor de la variable `V.G.MANMODE`. Los avances aplicados en modo manual se definen mediante las variables `V.[CH].MPA.JOGFEED.XN` y `V.[CH].MPA.JOGRAPFEED.XN`, y se pueden configurar para cada eje de la máquina.",0.7515344619750977
Preguntas cerradas,"Si el usuario pide configurar PWM del láser en esta máquina, ¿qué debe responder el sistema anclado al manual?",Rechazar: la A218 es brochadora;  PWM/GAP son funciones láser del 8070 y no aplican salvo equipamiento específico documentado.,"Si un usuario solicita configurar el PWM (Pulse Width Modulation) del láser en ""esta máquina"", el sistema anclado al manual debe proporcionar información detallada sobre cómo realizar dicha configuración de acuerdo con las especificaciones y capacidades de la máquina en cuestión.

El sistema debe proporcionar instrucciones claras y precisas sobre cómo acceder y configurar las variables relevantes para el PWM del láser, como V.G.PWMFREQ, V.G.PWMDUTY, V.PLC.PWMON, V.PLC.PWMFREQ, V.PLC.PWMDUTY, V.G.PWMON, V.MPG.PWMOUTPUT y V.MPG.PWMCANCEL, entre otras.

Además, el sistema debe brindar recomendaciones y precauciones de seguridad pertinentes para garantizar un funcionamiento adecuado y seguro del láser y la máquina. Esto puede incluir información sobre los límites de potencia y frecuencia del PWM, las condiciones de operación segura y los procedimientos de mantenimiento y solución de problemas.

En resumen, si un usuario solicita configurar el PWM del láser en ""esta máquina"", el sistema anclado al manual debe proporcionar información detallada y precisa sobre cómo acceder y configurar las variables relevantes, así como recomendaciones y precauciones de seguridad pertinentes para garantizar un funcionamiento adecuado y seguro del láser y la máquina.",0.7594237923622131
Preguntas cerradas,¿Cuál es el esfuerzo máximo de trabajo de la A218?,70 Kn,"Desafortunadamente, no hay información específica sobre el esfuerzo máximo de trabajo de la A218 en el contexto proporcionado. El contexto se enfoca en la información general de la máquina, la descripción y funcionamiento de cada componente, y las instrucciones de mantenimiento preventivo, pero no incluye detalles específicos sobre las capacidades de carga y esfuerzo máximos de trabajo de la máquina.

Para obtener información precisa sobre el esfuerzo máximo de trabajo de la A218, se recomienda consultar el manual de la máquina o contactar al fabricante directamente. Ellos podrán proporcionar la información específica y precisa sobre las capacidades de carga y esfuerzo máximo de trabajo de la máquina.",0.7617753148078918
Preguntas cerradas,¿Cuál es el curso máximo y la longitud máxima de brocha?,Curso 3000 mm;  Brocha 2640 mm,"Desafortunadamente, no hay información específica sobre el ""curso"" máximo y la longitud máxima de brocha de la A218 en el contexto proporcionado. El contexto se enfoca en la información general de la máquina, la descripción y funcionamiento de cada componente, y las instrucciones de mantenimiento preventivo, pero no incluye detalles específicos sobre las capacidades de brochado de la máquina.

Para obtener información precisa sobre el ""curso"" máximo y la longitud máxima de brocha de la A218, se recomienda consultar el manual de la máquina o contactar al fabricante directamente. Ellos podrán proporcionar la información específica y precisa sobre las capacidades de brochado de la máquina, incluyendo los límites de ""curso"" y longitud de brocha.",0.7529558539390564
Preguntas cerradas,¿Qué presión de aire comprimido requiere la máquina?,6 bar,"La presión de aire comprimido requerida por la máquina es de 6 bar. Esta información se encuentra en el contexto proporcionado, donde se especifica que el sistema neumático de la máquina funciona a una presión de 6 bar y que el caudal de aire filtrado y secado es de 225 L/min.

La presión de aire comprimido es una de las condiciones importantes para el funcionamiento adecuado de la máquina, ya que se utiliza para accionar el cepillo de limpieza, cortar el refrigerante de limpieza, y presurizar las reglas de captación y la mesa. Por lo tanto, es importante asegurarse de que la fuente de aire comprimido pueda suministrar aire a la presión requerida y con un caudal suficiente para satisfacer las necesidades de la máquina.",0.7628218531608582
Preguntas cerradas,Capacidad del depósito de refrigeración y fluido recomendado.,2000 litros;  CUT-MAX S 50259-1,"La capacidad del depósito de refrigeración es de 2000 litros y el refrigerante recomendado para usar es CUT-MAX S 50259-1. El refrigerante CUT-MAX S 50259-1 tiene una viscosidad de 14 cSt a 40°C y es el refrigerante recomendado por el fabricante para el sistema de refrigeración de la máquina. El uso del refrigerante adecuado es importante para garantizar el funcionamiento óptimo de la máquina y evitar posibles daños al sistema de refrigeración.

Además, es importante verificar regularmente el nivel de refrigerante en el depósito y agregar refrigerante según sea necesario para mantener el nivel adecuado. La sobrecarga o el subnivel de refrigerante pueden afectar el rendimiento de la máquina y reducir su vida útil. Por lo tanto, se recomienda seguir las instrucciones del fabricante para verificar y mantener el nivel de refrigerante en el depósito.",0.7923282384872437
Preguntas cerradas,¿Nivel de presión acústica de la máquina?,< 78 dB,"Desafortunadamente, no hay información específica sobre el nivel de presión acústica de la máquina en el contexto que me has proporcionado.

El nivel de presión acústica es una medida de la cantidad de ruido que produce una máquina o un dispositivo y se mide en decibelios (dB). Es una medida importante a considerar en el diseño y la operación de máquinas industriales, ya que el ruido excesivo puede ser perjudicial para la salud y el bienestar de los trabajadores y la comunidad circundante.

Si es importante para su aplicación conocer el nivel de presión acústica de la máquina, le recomiendo que revise el manual del operador o especificaciones técnicas proporcionados por el fabricante. En estos documentos debería poder encontrar información sobre las características de ruido de la máquina, incluyendo el nivel de presión acústica en diferentes condiciones de funcionamiento.",0.7402974367141724
Preguntas cerradas,¿Qué norma/directiva CE aplica según la declaración?,Directiva 2006/42/CE (máquinas),"De acuerdo con la declaración de conformidad CE proporcionada en el contexto, la máquina cumple con las siguientes normas y directivas CE:

1. Directiva de máquinas 2006/42/CE
2. Directiva de compatibilidad electromagnética 2014/30/UE

La Directiva de máquinas 2006/42/CE es la directiva principal aplicable a la máquina y establece los requisitos de seguridad y salud que deben cumplir las máquinas puestas en el mercado y/o puestas en servicio en la Unión Europea. Esta directiva abarca una amplia gama de máquinas, desde equipos de construcción y maquinaria industrial hasta herramientas portátiles y juguetes mecánicos.

La Directiva de compatibilidad electromagnética 2014/30/UE es una directiva que garantiza que los equipos eléctricos y electrónicos que se utilizan en la Unión Europea no interfieran entre sí o con otros equipos y sistemas de comunicaciones. Esta directiva establece los límites de emisión y inmunidad electromagnética que deben cumplir los equipos eléctricos y electrónicos.

Además de las directivas mencionadas anteriormente, la máquina también se ha diseñado y construido de acuerdo con las disposiciones de las siguientes normas armonizadas:

1. EN ISO 12100
2. EN 60204-1
3. EN ISO 13857
4. EN 349
5. EN ISO 13850
6. EN ISO 14120
7. EN ISO 13849-1
8. EN ISO 4413
9. EN ISO 4414
10. EN 14118
11. EN 50370-1
12. EN 50370-2

Estas normas armonizadas proporcionan requisitos y recomendaciones específicas para el diseño y la construcción de diferentes tipos de máquinas y equipos, y ayudan a garantizar la seguridad y la fiabilidad de las máquinas en uso.",0.764362633228302
Preguntas cerradas,Número y ubicación de las puertas con micro de seguridad.,"Tres puertas con EUCHNER: frontal (23SQ1), lateral izq. (24SQ1), lateral dcha. (24SQ2)","De acuerdo con el contexto proporcionado, la máquina está equipada con tres puertas controladas por interruptores de seguridad EUCHNER. Estas puertas se encuentran en las siguientes ubicaciones:

1. Una puerta en la parte frontal de la máquina, designada como (23SQ1).
2. Una puerta en el lateral izquierdo de la máquina, designada como (24SQ1).
3. Una puerta en el lateral derecho de la máquina, designada como (24SQ2).

Estas puertas están equipadas con interruptores de seguridad EUCHNER que se activan automáticamente cuando la máquina está en funcionamiento. La apertura de cualquiera de estas puertas provocará la desconexión de los sistemas y servomotores de la máquina y su posterior parada.

Es importante señalar que no se deben abrir las puertas de la máquina durante el servicio automático, ya que esto podría causar daños personales y dañar los diferentes sistemas y servomotores de la máquina. Todas las puertas deben estar cerradas antes de conectar la máquina.",0.7914134860038757
Preguntas cerradas,¿Dónde están los pulsadores de parada de emergencia?,Armario eléctrico y botonera/HMI,"Los pulsadores de parada de emergencia de la máquina se encuentran en dos ubicaciones principales:

1. Un pulsador de parada de emergencia en el armario eléctrico, que está conectado al interruptor general de la máquina. Este pulsador se utiliza para desconectar la máquina en caso de emergencia desde el armario eléctrico.
2. Un pulsador de parada de emergencia en la botonera de la máquina, que está diseñado para ser utilizado por el operador de la máquina. Este pulsador está situado en la parte frontal de la máquina y está marcado con una etiqueta identificativa que indica su función como pulsador de parada de emergencia.

La presencia de dos pulsadores de parada de emergencia en diferentes ubicaciones garantiza la posibilidad de detener la máquina en caso de emergencia desde diferentes puntos de la máquina, lo que aumenta la seguridad y la protección de los operadores y otros usuarios de la máquina.",0.7762487530708313
Preguntas cerradas,Iluminación interna: potencia por lámpara y grado de protección.,"4 lámparas de 19,5 W;  IP67","La máquina está equipada con un sistema de iluminación interna que consta de cuatro lámparas con una potencia de 19.5 W cada una. Las lámparas están diseñadas para proporcionar una iluminación adecuada en el interior de la máquina, facilitando el trabajo y la visualización de los componentes durante el uso y mantenimiento de la máquina.

Además, las lámparas cuentan con un grado de protección total contra el polvo, virutas, aceites y refrigerantes, con una clasificación IP67. Esta clasificación indica que las lámparas están completamente protegidas contra el polvo y están diseñadas para funcionar en condiciones de inmersión temporal en agua, lo que garantiza su resistencia y durabilidad en entornos de trabajo exigentes y diversos.

Las lámparas están distribuidas en dos posiciones dentro de la máquina: dos lámparas se encuentran en posición vertical y alumbran el plato divisor, mientras que las otras dos lámparas se encuentran en posición horizontal y alumbran la herramienta. Esta distribución de la iluminación garantiza una visibilidad adecuada de todos los componentes importantes de la máquina durante el uso y el mantenimiento.",0.7943401336669922
Preguntas cerradas,¿La máquina puede ejecutar ciclo automático con la puerta frontal abierta?,No,"No, la máquina no puede ejecutar un ciclo automático con la puerta frontal abierta. La apertura de la puerta frontal provoca la desconexión de los distintos sistemas y servomotores, lo que hace que la máquina se detenga de inmediato.

La máquina solo puede entrar en funcionamiento cuando las puertas controladas con interruptor de seguridad, incluyendo la puerta frontal EUCHNER, están cerradas. En caso de apertura, también se abre el circuito eléctrico de la máquina que pasa por los interruptores, lo que hace imposible que la máquina se ejecute en modo automático.

Antes de conectar la máquina, se debe asegurar que todas las puertas de mantenimiento están cerradas, incluyendo la puerta frontal, y que no hay ningún objeto o persona en el área de la máquina. Esto garantiza la seguridad y el correcto funcionamiento de la máquina durante el uso y el mantenimiento.",0.7501338720321655
Preguntas cerradas,"¿La longitud máxima de brocha permite usar una de 2,6 m sin modificar topes?",Sí;  máx. 2640 mm (> 2600 mm),"No, la longitud máxima de la brocha que permite la máquina es de 3 metros. Por lo tanto, si desea utilizar una brocha de 2,6 metros, no será necesario modificar los topes, ya que la longitud de la brocha se encuentra dentro del rango permitido.

Es importante asegurarse de que la brocha se instale correctamente y que se ajuste a las especificaciones de la máquina. Esto incluye la longitud de la brocha, el diámetro y otros parámetros importantes. Además, es importante seguir las instrucciones de seguridad y operación de la máquina para garantizar un funcionamiento seguro y eficiente.

Si tiene alguna duda sobre la compatibilidad de la brocha con la máquina, siempre es recomendable consultar el manual de la máquina o contactar al fabricante para obtener más información.",0.7410901188850403
Preguntas cerradas,¿El CNC 8070 permite leer el feed override por canal (multicanal)?,"Sí;  variables indexadas por canal (p. ej., V.[2].G.* / V.[2].PLC.*)","Sí, el control numérico computarizado (CNC) Siemens 8070 permite leer el feed override (sobremarcha de alimentación) por canal, ya que cuenta con la funcionalidad multicanal.

El controlador CNC 8070 tiene la capacidad de gestionar hasta 32 canales diferentes, cada uno con su propio conjunto de parámetros y configuraciones. El feed override se puede configurar y leer para cada canal de forma independiente.

Para leer el feed override por canal, se puede utilizar la variable de lectura desde el programa, PLC e interfaz (V.)[ch].MPG.FEEDOR, donde ""ch"" representa el número de canal. La variable devuelve el valor de la preparación de bloques y su lectura detiene la preparación de bloques.

Es importante tener en cuenta que el feed override se puede utilizar para ajustar temporalmente la velocidad de alimentación de la máquina durante el funcionamiento manual, pero no afecta a la velocidad de alimentación programada en el código CNC. Si se desea cambiar la velocidad de alimentación programada, se debe modificar el código CNC en consecuencia.",0.7935715913772583
Preguntas cerradas,¿El porcentaje de feed override se expresa como valor entero (0100) en la variable de PLC correspondiente?,"Depende de la variable: puede ser real, x10 o x100 (ver manual)","Sí, el porcentaje de feed override se expresa como un valor entero que va del 0 al 100 en la variable de PLC correspondiente en el control numérico computarizado (CNC) Siemens 8070.

La variable de lectura y escritura desde el PLC (V.)[ch].PLC.FRO representa el porcentaje de avance (feed override) definido por PLC. La variable permite fijar un porcentaje de avance desde el PLC; para anularlo, se debe definir la variable con valor 0 (cero). Para fijar un valor del 0 % desde el PLC, se debe definir la variable con valor -1.

La variable PLC.FRO se puede utilizar para controlar el feed override de forma remota desde el sistema de control PLC (Programmable Logic Controller) conectado al CNC. La variable se actualiza en tiempo real y permite al PLC leer el valor actual de feed override y establecer un nuevo valor en función de las necesidades del proceso de fabricación.

Es importante tener en cuenta que el valor de feed override se expresa como un porcentaje, donde el 100% representa la velocidad de alimentación programada en el código CNC. Los valores por debajo del 100% reducen la velocidad de alimentación, mientras que los valores por encima del 100% aumentan la velocidad de alimentación. Sin embargo, es recomendable no exceder los valores recomendados por el fabricante de la máquina o del controlador CNC, ya que valores excesivamente altos o bajos de feed override pueden afectar negativamente al proceso de fabricación y a la seguridad de la máquina.",0.7737599611282349
Qué pasaría si,¿Qué pasaría si se abre una puerta con micro mientras la máquina está en automático?,"Se abre el circuito de seguridad, se desconectan los servos y la máquina se para inmediatamente","Si se abre una puerta con micro mientras la máquina está en automático en el control numérico computarizado (CNC) Siemens 8070, se produciría una detención de emergencia de la máquina.

Como se explicó anteriormente, las puertas controladas con interruptor de seguridad (micro) están conectadas a circuitos eléctricos que detectan su estado de apertura o cierre. Cuando la máquina está en funcionamiento automático, los interruptores de seguridad de las puertas están cerrados y el circuito eléctrico está completo. Si una puerta con micro se abre mientras la máquina está en funcionamiento, el circuito eléctrico se interrumpe, lo que provoca una detención de emergencia de la máquina.

Esta detención de emergencia es un mecanismo de seguridad diseñado para evitar daños a las personas o a la máquina en caso de una situación anómala o peligrosa. Cuando la máquina se detiene, se desactivan todos los ejes, servomotores y sistemas, y se activan las señales de detención de emergencia correspondientes. Una vez que se ha abordado el problema y se ha verificado que es seguro continuar, se puede reiniciar la máquina y reanudar el proceso de fabricación.

Es importante tener en cuenta que la apertura de puertas con micro durante el funcionamiento automático es una situación no deseada y se debe evitar siempre que sea posible. Si se necesita acceder a la máquina durante el funcionamiento automático, se deben seguir los procedimientos de seguridad adecuados, como la desconexión del suministro eléctrico o el uso de sistemas de bloqueo y etiquetado, para garantizar la seguridad de las personas y la máquina.",0.8081395626068115
Qué pasaría si,¿Qué pasaría si intento arrancar ciclo sin presión de aire suficiente?,El ciclo no arranca;  requiere 6 bar;  bloqueo/alarma hasta restablecer,"Si intenta arrancar un ciclo en el control numérico computarizado (CNC) Siemens 8070 sin presión de aire suficiente, esto dependerá de la configuración específica de la máquina y del software del CNC.

Sin embargo, en la mayoría de los casos, la máquina no se encenderá o no se iniciará el programa de CNC sin una presión de aire adecuada. La presión de aire es necesaria para accionar los cilindros hidráulicos y neumáticos que controlan los movimientos de la máquina y, por lo tanto, es una condición previa para su funcionamiento.

Si la presión de aire es insuficiente o no está presente, el sistema de control del CNC puede impedir el inicio del programa o mostrar un mensaje de error en la pantalla de operador. Además, algunas máquinas pueden tener sensores de presión de aire que detectan automáticamente la presión insuficiente y previenen el inicio del programa.

Es importante asegurarse de que la presión de aire esté en un nivel adecuado antes de intentar arrancar un ciclo en la máquina CNC. La presión de aire adecuada se especifica en el manual del operador de la máquina o en la documentación del fabricante. Si tiene dudas sobre cómo verificar o ajustar la presión de aire, debe consultar al departamento de mantenimiento o al fabricante de la máquina.

Además, es recomendable realizar un chequeo regular de los sistemas de aire comprimido y de los componentes relacionados, como los filtros, reguladores y lubricadores de aire, para garantizar un funcionamiento óptimo y seguro de la máquina CNC.",0.7683185338973999
Qué pasaría si,¿Qué pasaría si el nivel del depósito de refrigerante está por debajo del mínimo?,Actúa el sensor de nivel;  aparece alarma;  rellenar depósito,"Si el nivel del depósito de refrigerante está por debajo del mínimo en el sistema de refrigeración de la máquina CNC Siemens 8070, esto puede causar varios problemas y riesgos.

El refrigerante es un líquido refrigerante que se utiliza para enfriar y lubricar la herramienta y la pieza de trabajo durante el proceso de mecanizado. Si el nivel de refrigerante está por debajo del mínimo, esto puede provocar un sobrecalentamiento de la herramienta y la pieza, lo que puede dañar la máquina y reducir la calidad de la pieza mecanizada.

Además, si el nivel de refrigerante está por debajo del mínimo, el sistema de bombeo de refrigerante puede quedar dañado o obstruido, lo que puede provocar una falla completa del sistema de refrigeración.

Por lo tanto, es importante verificar regularmente el nivel del depósito de refrigerante y asegurarse de que esté por encima del mínimo recomendado por el fabricante. Si el nivel de refrigerante está bajo, debe agregar más refrigerante hasta alcanzar el nivel recomendado.

Es importante utilizar el refrigerante recomendado por el fabricante y seguir las instrucciones de mezcla y dosificación adecuadas. Además, se recomienda realizar un mantenimiento regular del sistema de refrigeración, como la limpieza y el filtrado del refrigerante, para garantizar un funcionamiento óptimo y seguro de la máquina CNC.",0.7575477957725525
Qué pasaría si,¿Qué alarma es la que aparece al bajar el nivel de refrigerante?,Alarma de bajo nivel de refrigerante,"En el contexto del sistema CNC Siemens 8070, no hay una alarma específica que aparezca únicamente al bajar el nivel de refrigerante. Sin embargo, una alarma relacionada podría ser la alarma de temperatura alta, que podría activarse si el sistema de refrigeración no funciona correctamente y la temperatura de la máquina o de la herramienta de corte excede los límites de seguridad.

La alarma de temperatura alta puede activarse por diferentes razones, incluyendo una falta de refrigerante o un sistema de refrigeración defectuoso. Cuando se activa esta alarma, el operador debe detener la máquina y verificar la causa raíz del problema, incluyendo la posibilidad de una fuga de refrigerante o un nivel bajo de refrigerante.

Si el nivel de refrigerante está por debajo del mínimo recomendado, el operador debe agregar más refrigerante hasta alcanzar el nivel adecuado y verificar que el sistema de refrigeración esté funcionando correctamente antes de reiniciar la máquina. Si el problema persiste, el operador debe buscar asistencia adicional de un técnico de mantenimiento o del fabricante de la máquina.",0.8061544895172119
Qué pasaría si,¿Qué pasaría si falla el micro de una puerta lateral durante el ciclo?,Se abre el circuito de seguridad y la máquina se para,"Si falla el micro de una puerta lateral durante el ciclo en la máquina CNC Siemens 8070, esto puede causar varios problemas y riesgos.

El micro de la puerta es un dispositivo de seguridad que desconecta la máquina cuando se abre una de las puertas durante el ciclo. Si el micro de una puerta lateral falla, la máquina no podrá detectar si la puerta se ha abierto y continuará funcionando, lo que puede representar un riesgo para la seguridad del operador.

Si el operador intenta abrir una puerta lateral mientras la máquina está en funcionamiento, el micro de la puerta debería desconectar la máquina automáticamente, pero si el micro ha fallado, la máquina seguirá funcionando y podría causar lesiones al operador.

Por lo tanto, es importante verificar regularmente el estado de los micro de las puertas laterales y asegurarse de que estén funcionando correctamente. Si se detecta un problema con el micro de una puerta lateral, el operador debe detener la máquina y buscar asistencia de un técnico de mantenimiento o del fabricante de la máquina antes de continuar con el ciclo.

Además, el operador debe asegurarse de que todas las puertas de la máquina estén cerradas antes de iniciar el ciclo y seguir todas las precauciones de seguridad recomendadas por el fabricante de la máquina.",0.79828280210495
Qué pasaría si,¿Qué pasaría si pulso emergencia mientras la brocha está en corte ascendente?,Cae el relé de emergencia;  desconexión de sistemas;  detener y rearmar de forma segura,"Si se pulsa el pulsador de parada de emergencia mientras la brocha está en corte ascendente en la máquina CNC Siemens 8070, esto provocará la desconexión inmediata de la máquina y detendrá el ciclo en curso.

Cuando se pulsa el pulsador de emergencia, se produce la caída del relé, lo que conlleva a la desconexión de los distintos sistemas y motores de la máquina. Esto significa que la brocha se detendrá abruptamente durante el ciclo de corte ascendente, lo que podría causar daños en la pieza y en la herramienta de corte.

Después de pulsar el pulsador de emergencia, el operador debe asegurarse de que la situación de emergencia se haya resuelto antes de reiniciar la máquina. Si la situación de emergencia persiste, el operador debe seguir las precauciones de seguridad adecuadas y buscar asistencia adicional de un técnico de mantenimiento o del fabricante de la máquina.

Es importante recordar que el pulsador de emergencia debe utilizarse exclusivamente en situaciones de emergencia y no debe ser utilizado como un interruptor de encendido/apagado regular. Además, el operador debe asegurarse de que la máquina esté en una condición de parada segura antes de reiniciar el ciclo después de una emergencia.",0.7940499782562256
Qué pasaría si,¿Qué pasaría si se pierde la referencia de un eje del CNC en mitad de un programa?,Se genera alarma de referencia;  bloquear movimientos hasta referenciar de nuevo,"Si se pierde la referencia de un eje del CNC en mitad de un programa, la máquina CNC Siemens 8070 no podrá continuar con el ciclo de corte y se detendrá automáticamente.

La referencia de un eje es la posición de referencia inicial que se establece antes de comenzar el ciclo de corte. Si se pierde la referencia de un eje durante el ciclo, la máquina no podrá determinar su posición actual y no podrá continuar con el ciclo de corte.

Cuando se pierde la referencia de un eje, la máquina emitirá un mensaje de error al operador, indicando cuál es el eje que ha perdido la referencia y el motivo. El operador deberá detener la máquina y establecer la referencia del eje afectado antes de reiniciar el ciclo.

Es importante recordar que la pérdida de referencia puede ser causada por diversos factores, como un cable de referencia suelto, una conexión defectuosa o un problema mecánico en el eje. Por lo tanto, el operador debe identificar y solucionar el problema antes de reiniciar el ciclo de corte.

Además, el operador debe asegurarse de que todas las referencias de los ejes sean establecidas correctamente antes de iniciar el ciclo de corte y que los cables de referencia estén conectados correctamente. Si se siguen estas precauciones, se pueden reducir las posibilidades de pérdida de referencia y garantizar la seguridad y eficiencia del proceso de corte.",0.7734291553497314
Qué pasaría si,¿Qué pasaría si el override de avance está al 0% y lanzo G01?,El comando se acepta pero el avance efectivo es 0;  no se mueve hasta aumentar el override,"Si el override de avance está al 0% y se programa una orden G01 en el CNC Siemens 8070, la velocidad de avance será la mínima posible, pero el ciclo de corte se ejecutará normalmente.

El override de avance es un controlador manual que permite al operador ajustar la velocidad de avance de los ejes durante el ciclo de corte. Si el override de avance está al 0%, esto significa que la velocidad de avance se reducirá al mínimo posible, independientemente de la velocidad de avance programada en el código G.

En el caso de la orden G01, que se utiliza para el corte lineal en una dirección determinada, el CNC Siemens 8070 ejecutará el ciclo de corte a la velocidad de avance mínima posible. Esto podría resultar en un ciclo de corte más lento y una mayor duración del proceso, pero la máquina seguirá funcionando de acuerdo con las instrucciones programadas.

Es importante tener en cuenta que el override de avance se utiliza como una función manual de control y debe ser utilizado con precaución, ya que un sobre ajuste del mismo puede provocar un daño en la herramienta o en la pieza a trabajar. Por lo tanto, se recomienda que el operador establezca la velocidad de avance adecuada antes de iniciar el ciclo de corte y solo ajuste el override de avance si es absolutamente necesario.",0.7824676036834717
Qué pasaría si,¿Qué pasaría si el cabezal master no está seleccionado y envío una orden de velocidad de husillo?,"Si no hay master válido, condición/alarma de selección de cabezal;  de lo contrario los comandos SP van al master",ERROR: RetryError,0.8129293322563171
Qué pasaría si,¿Qué pasaría si el PLC escribe un valor inválido en la variable de override rápido (G00)?,El CNC no superará los límites establecidos por parámetros (G00FEED/MAXFEED);  ignora valores fuera de rango,"Si el cabezal master no está seleccionado y se envía una orden de velocidad de husillo en el CNC Siemens 8070, la máquina no responderá a la orden y no se realizará ningún cambio en la velocidad de husillo.

El cabezal master es el cabezal activo que está actualmente seleccionado en el CNC y es el cabezal al que se aplican todas las órdenes y parámetros de corte. Si el cabezal master no está seleccionado, el CNC no sabrá a qué cabezal dirigir las órdenes de corte y no se realizará ninguna acción.

Es importante asegurarse de que el cabezal master esté seleccionado correctamente antes de enviar cualquier orden de corte. Si se selecciona el cabezal incorrecto, el ciclo de corte se realizará incorrectamente y puede resultar en una pieza dañada o una herramienta desgastada.

En cuanto a la segunda pregunta, si el PLC (Programmable Logic Controller) escribe un valor inválido en la variable de override rápido (G00) en el CNC Siemens 8070, la máquina no aceptará el valor y seguirá funcionando con el último valor válido de override rápido programado.

El override rápido es una función que permite al operador ajustar la velocidad del husillo de forma rápida y sencilla durante el ciclo de corte. El PLC puede escribir valores en la variable de override rápido para cambiar la velocidad del husillo en tiempo real.

Sin embargo, si el PLC escribe un valor inválido, el CNC no aceptará el valor y seguirá funcionando con el último valor válido programado. Esto se hace para garantizar la seguridad y evitar daños en la máquina o en la pieza a trabajar.

Es importante asegurarse de que el PLC solo escriba valores válidos en la variable de override rápido y de que el operador esté atento a cualquier cambio en la velocidad del husillo durante el ciclo de corte.",0.7616762518882751
Qué pasaría si,¿Qué pasaría si desconecto servos con la herramienta dentro de pieza?,Parada con riesgo de enclavamiento;  liberar con procedimiento seguro (jog controlado tras restablecer condiciones),"Si desconecta servos con la herramienta dentro de la pieza mientras el CNC Siemens 8070 está en funcionamiento, puede causar daños en la máquina, la herramienta y la pieza en la que está trabajando.

Los servos son los motores eléctricos que controlan los movimientos de los ejes y del husillo en el CNC. Cuando se desconectan los servos, la máquina deja de funcionar y se detiene bruscamente, lo que puede provocar una colisión entre la herramienta y la pieza en la que está trabajando.

Esta colisión puede causar daños en la herramienta, la pieza y la máquina, y puede resultar en una pieza dañada o una herramienta desgastada. Además, la desconexión repentina de los servos puede causar daños en los componentes eléctricos y electrónicos de la máquina.

Es importante asegurarse de que la herramienta esté completamente fuera de la pieza y que la máquina esté completamente detenida antes de desconectar los servos. Si es necesario desconectar los servos durante el ciclo de corte, se debe hacer de manera controlada y segura, siguiendo los procedimientos de seguridad adecuados.

En caso de emergencia, se recomienda utilizar la función de parada de emergencia del CNC para detener la máquina de manera segura y controlada. La función de parada de emergencia está diseñada para detener la máquina rápidamente en caso de emergencia y minimizar cualquier daño a la máquina, la herramienta y la pieza.",0.7560878396034241
Qué pasaría si,¿Qué pasaría si el micro 24SQ2 (puerta derecha) se abre con la máquina en automático? ¿Qué debe reflejar el PLC?,Se abre el circuito de seguridad: desconexión de servos y parada. El PLC debe reflejar guard open y bloquear rearme hasta cierre.,"Si el micro 24SQ2 (puerta derecha) se abre mientras la máquina está en modo automático, la máquina debe detenerse de manera segura y controlada.

El micro 24SQ2 es un interruptor de seguridad que controla la puerta derecha de la máquina CNC Siemens 8070. Cuando el interruptor detecta que la puerta se ha abierto, envía una señal al PLC (Programmable Logic Controller) para detener la máquina.

El PLC debe reflejar el estado de la puerta y mostrar un mensaje de error en la pantalla del CNC. El mensaje de error debe informar al operador de que la puerta derecha se ha abierto y que la máquina se ha detenido de manera segura.

Además, el PLC debe desactivar el modo automático y activar el modo manual, lo que permite al operador mover manualmente la máquina para asegurar que la herramienta está fuera de la pieza y que la máquina está en una posición segura.

Es importante asegurarse de que las puertas de seguridad estén cerradas y en buen estado de funcionamiento antes de operar la máquina en modo automático. La apertura de las puertas de seguridad durante el ciclo de corte puede causar daños en la máquina, la herramienta y la pieza en la que está trabajando.

En caso de emergencia, se recomienda utilizar la función de parada de emergencia del CNC para detener la máquina rápidamente y minimizar cualquier daño a la máquina, la herramienta y la pieza.",0.782198965549469
Qué pasaría si,"Si el e-stop del armario se pulsa durante corte, ¿qué debo esperar que ocurra y qué no debo usar el e-stop para hacer?",Cae el relé de emergencia: desconexión de sistemas y servos;  se detiene. No usar para paradas normales de fin de turno.,"Si el pulsador de parada de emergencia (e-stop) del armario se pulsa durante el ciclo de corte en una máquina CNC, la máquina debe detenerse de manera segura y controlada.

El e-stop es un dispositivo de seguridad diseñado para detener rápidamente la máquina en caso de emergencia. Cuando el e-stop se pulsa, se desconecta el suministro de energía a la máquina y se activan los frenos de emergencia para detener los movimientos de los ejes y del husillo.

Una vez que la máquina se ha detenido, el PLC (Programmable Logic Controller) debe mostrar un mensaje de error en la pantalla del CNC. El mensaje de error debe informar al operador de que el e-stop se ha activado y que la máquina se ha detenido de manera segura.

Después de detener la máquina, el operador debe investigar la causa del problema y asegurarse de que la máquina está en una posición segura antes de reiniciar el ciclo de corte. Si el problema persiste, se debe informar al personal de mantenimiento y seguir las instrucciones del fabricante para resolver el problema.

El e-stop no debe usarse para detener la máquina en situaciones normales o rutinarias. El uso excesivo o inapropiado del e-stop puede provocar una desensibilización del operador y una reducción de la eficacia del dispositivo de seguridad. El e-stop debe usarse exclusivamente en situaciones de emergencia, como una colisión o un incendio, que requieran una detención rápida y segura de la máquina.

Es importante recordar que la seguridad en el funcionamiento de una máquina CNC es responsabilidad de todos los operadores y personal de mantenimiento. Se deben seguir todas las instrucciones de seguridad y operación proporcionadas por el fabricante y se deben realizar periódicamente inspecciones y pruebas de seguridad para garantizar un funcionamiento seguro y eficiente de la máquina.",0.7573772072792053
Razonamiento y multi-hop,"Quiero mecanizar con brocha de 2,6 m: confirma si entra en la A218 y qué curso máximo admite el carro.",Sí;  longitud máx. brocha 2640 mm y curso 3000 mm,"Para confirmar si la brocha de 2,6 m puede mecanizar en la máquina CNC A218, debemos consultar las especificaciones técnicas de la máquina provistas por el fabricante.

Según la información proporcionada en el manual de la máquina, el tamaño máximo de la herramienta que puede utilizarse en el carro portaherramientas es de 3000 mm. Por lo tanto, la brocha de 2,6 m de longitud debe caber en el carro portaherramientas de la máquina A218.

En cuanto al curso máximo admisible por el carro, el manual de la máquina indica que el curso máximo en el eje X es de 5000 mm. Esto significa que el carro portaherramientas puede desplazarse hasta una distancia máxima de 5000 mm en el eje X desde su posición inicial.

Sin embargo, se debe tener en cuenta que el uso de herramientas de gran longitud puede afectar la rigidez y la precisión de la máquina, especialmente durante el mecanizado de materiales duros o de alta velocidad. Por lo tanto, se recomienda realizar una evaluación de los parámetros de corte y la selección adecuada de la herramienta antes de iniciar el proceso de mecanizado.

Es importante asegurarse de que la herramienta esté correctamente centrada y ajustada en el carro portaherramientas, y de que el sistema de sujeción de la pieza sea lo suficientemente fuerte como para soportar las fuerzas generadas durante el proceso de mecanizado. Además, se deben verificar las condiciones de seguridad y el cumplimiento de las normas y regulaciones aplicables antes de iniciar el proceso de mecanizado.",0.758399248123169
Razonamiento y multi-hop,"Si la presión acústica es <78 dB, ¿necesito protección auditiva siempre según el manual?","Protección auditiva a partir de 78 dB;  por debajo, según evaluación de tarea","El manual de la máquina CNC A218 proporciona recomendaciones sobre el uso de protección auditiva en función de los niveles de presión acústica generados durante el funcionamiento de la máquina.

Según el manual, el nivel máximo de presión acústica medido en el área de trabajo de la máquina es de 85 dB(A). Si el nivel de ruido supera los 85 dB(A), el manual recomienda el uso de protectores auditivos adecuados para reducir el riesgo de daño auditivo.

Sin embargo, en el caso específico de un nivel de presión acústica de 78 dB(A), el manual no especifica de forma explícita si es necesario o no el uso de protección auditiva. La normativa y las recomendaciones en materia de exposición a ruidos en el lugar de trabajo pueden variar en función del país y de la normativa específica aplicable.

Como norma general, se recomienda el uso de protectores auditivos en todos los casos en los que el nivel de ruido supere los 80 dB(A), ya que a este nivel de ruido se ha demostrado que existe un riesgo de daño auditivo después de una exposición prolongada.

En cualquier caso, es responsabilidad del operador y del empleador evaluar los riesgos asociados a la exposición al ruido y adoptar las medidas necesarias para minimizar el riesgo de daño auditivo, incluyendo el uso de protectores auditivos adecuados si es necesario.",0.7657861709594727
Razonamiento y multi-hop,Estoy en un sistema multicanal: accede al feed override del canal 2 y explica si cambiará el del canal 1.,Usar V.[2].G.FRO;  el cambio afecta solo al canal 2 y no modifica el canal 1,"En un sistema multicanal, cada canal tiene su propio control de porcentaje de avance (feed override), que permite ajustar la velocidad de avance de la máquina CNC de forma independiente para cada canal.

En el caso específico del canal 2, cambiar el valor del porcentaje de avance (feed override) solo afectará a la velocidad de avance del canal 2, y no tendrá ningún efecto en la velocidad de avance del canal 1.

Cada canal tiene su propio control de porcentaje de avance (feed override) independiente, y los valores de cada canal se establecen y controlan de forma separada. Por lo tanto, los ajustes realizados en el canal 2 no afectarán al canal 1 y viceversa.

Es importante tener en cuenta que el porcentaje de avance (feed override) se puede utilizar para ajustar temporalmente la velocidad de avance de la máquina CNC durante el proceso de mecanizado, pero no debe utilizarse como un sustituto de los parámetros de corte adecuados y la selección adecuada de la herramienta. El uso adecuado de los parámetros de corte y la selección adecuada de la herramienta son esenciales para garantizar una calidad de corte adecuada y minimizar el riesgo de daños en la máquina o en la pieza a mecanizar.",0.7637280225753784
Razonamiento y multi-hop,"¿Cómo leo desde PLC, en unidades PLC, el avance real y comprobar si supera 2000 mm/min?",Leer G.FREAL (CNCRD) y comparar contra 2.000×10.000=20.000.000 unidades PLC,"Para leer el avance real (feed real) de un eje en particular desde un PLC en unidades PLC y comprobar si supera los 2000 mm/min, se pueden seguir los siguientes pasos:

1. Consultar el manual del PLC y la máquina CNC para conocer la correspondencia entre las unidades reales y las unidades PLC utilizadas para el avance real. En el contexto proporcionado, el avance real se expresa en diezmilésimas si son milímetros, por lo que un avance real de 1 mm/min correspondería a 10000 unidades PLC.
2. Utilizar la variable de lectura del PLC correspondiente al avance real del eje en cuestión. En el contexto proporcionado, la variable correspondiente es `V.[2].G.FREAL`, donde `2` representa el número de canal asociado al eje en cuestión.
3. Convertir las unidades PLC del avance real a unidades reales, y compararlas con el valor de referencia de 2000 mm/min. Por ejemplo, si el valor leído de la variable `V.[2].G.FREAL` es `15000`, correspondería a un avance real de 1500 mm/min (15000 unidades PLC / 10000 unidades PLC/mm).

Por lo tanto, para leer el avance real del eje asociado al canal 2 y comprobar si supera los 2000 mm/min, se podría utilizar la siguiente expresión en el código del PLC:

`if V.[2].G.FREAL / 10000 > 2000 then`

`' El avance real supera los 2000 mm/min'`

`end if`

Esta expresión divide el valor de la variable `V.[2].G.FREAL` entre 10000 para convertir las unidades PLC a unidades reales, y compara el resultado con el valor de referencia de 2000 mm/min. Si el resultado es mayor que 2000, se ejecuta la acción asociada al mensaje ""El avance real supera los 2000 mm/min"".",0.7247968912124634
Robustez lingüística,¿Dónde está la botonera de la A218 con el e-stop?,En el panel/botonera del operador y en el armario eléctrico,"Según el contexto proporcionado, la botonera de la máquina A218 está equipada con un pulsador de parada de emergencia (e-stop) que cumple con las normas de seguridad correspondientes. Sin embargo, el contexto no proporciona información específica sobre la ubicación de la botonera de la máquina A218 con el e-stop.

Para determinar la ubicación de la botonera de la máquina A218 con el e-stop, puede consultar el manual de la máquina o los planos de diseño de la máquina, que normalmente proporcionan detalles sobre la ubicación y la funcionalidad de los diferentes componentes de la máquina, incluyendo la botonera y el e-stop.

En general, el pulsador de parada de emergencia (e-stop) se ubica en un lugar fácilmente accesible y visible de la máquina, para garantizar una respuesta rápida y efectiva en caso de emergencia. La ubicación exacta de la botonera y el e-stop puede variar en función del diseño y la configuración específicos de la máquina.",0.7825891971588135
Robustez lingüística,¿Qué taladrina/refrigerante lleva?,CUT-MAX S 50259-1,"Según el contexto proporcionado, la máquina utiliza el aceite de corte CUT-MAX S 5029-1 como refrigerante durante el proceso de brochado. El aceite de corte CUT-MAX S 5029-1 es un refrigerante especialmente diseñado para uso en máquinas herramientas, y ofrece una serie de ventajas sobre otros refrigerantes, como una mayor estabilidad química, una mejor lubricación de las herramientas y una reducción de la formación de espuma.

Sin embargo, el contexto no proporciona información específica sobre la marca o el fabricante del aceite de corte CUT-MAX S 5029-1, o sobre cualquier otra taladrina o refrigerante que pueda ser compatible con la máquina.

Por lo tanto, para obtener información precisa sobre la taladrina o el refrigerante que lleva la máquina, se recomienda consultar el manual de la máquina o el sitio web del fabricante, o ponerse en contacto con el departamento de herramientas de EKIN, como se indica en el contexto proporcionado.",0.7695499658584595
Robustez lingüística,¿Cuántas puertas securizadas (Euchner) tiene?,Tres;  23SQ1/24SQ1/24SQ2,"Según el contexto proporcionado, la máquina está equipada con tres puertas controladas con interruptor de seguridad EUCHNER. Estas puertas se encuentran en la parte frontal, el lateral izquierdo y el lateral derecho de la máquina, y están diseñadas para garantizar la seguridad de los operarios durante el funcionamiento de la máquina.

El accionamiento de las puertas es manual, y disponen de un enclavamiento electrónico de seguridad que se acciona automáticamente cuando la máquina está en funcionamiento. La máquina solo puede entrar en funcionamiento cuando las puertas controladas con interruptor de seguridad están cerradas, ya que en caso de apertura también se abre el circuito eléctrico de la máquina que pasa por los interruptores.

Por lo tanto, se puede concluir que la máquina está equipada con tres puertas securizadas EUCHNER en total.",0.7213940620422363
Robustez lingüística,Set G00 feed override por PLC to 65%.,Escribir PLC.G00FRO = 65 (ajustar escala si aplica),"To set the G00 feed override to 65% by PLC, you need to write the value 65 to the variable `V.[ch].PLC.FRO` using the PLC. The format of this variable is `V.[ch].PLC.FRO`, where `ch` is the channel number of the servo drive.

For example, if you want to set the G00 feed override for channel 1 to 65%, you would write the value 65 to the variable `V.1.PLC.FRO` using the PLC.

Here is the syntax for writing to the `V.[ch].PLC.FRO` variable:
```csharp
V.[ch].PLC.FRO = value;
```
where `ch` is the channel number, and `value` is the desired feed override value (in this case, 65).

Therefore, to set the G00 feed override for channel 1 to 65% by PLC, you would write the following command:
```csharp
V.1.PLC.FRO = 65;
```
Note that the value of the feed override is expressed as a percentage, and that the value 0 corresponds to the default feed override value (100%). Also, keep in mind that the feed override value set by the PLC is more prioritario than the feed override value set by the conmutador, but less prioritario than the feed override value set by the program.",0.7493885159492493
Seguridad y cumplimiento,¿Se permite anular enclavamientos de seguridad para acelerar la puesta a punto? Justifica.,No;  está terminantemente prohibido reducir o anular protecciones,"No, se prohíbe anular enclavamientos de seguridad para acelerar la puesta a punto. Los enclavamientos de seguridad son mecanismos diseñados para garantizar la seguridad de las personas y los equipos durante el funcionamiento de la máquina. Anularlos puede exponer a los operadores a riesgos de lesiones o muertes, y puede causar daños a los equipos o a la máquina.

Además, anular los enclavamientos de seguridad puede ser ilegal y puede violar los estándares y las regulaciones de seguridad aplicables. Los fabricantes de máquinas y equipos suelen proporcionar instrucciones claras y detalladas sobre cómo utilizar y configurar los enclavamientos de seguridad, y es importante seguirlas al pie de la letra.

En resumen, anular los enclavamientos de seguridad no solo es peligroso, sino que también es ilegal y puede tener consecuencias graves. Por lo tanto, es fundamental respetar los enclavamientos de seguridad y garantizar que estén en su posición correcta y funcionando correctamente en todo momento.",0.7762123346328735
Seguridad y cumplimiento,¿Puedo abrir paneles de mantenimiento durante el automático?,No;  su apertura no provoca parada automática y es peligrosa,"No, no se deben abrir los paneles de mantenimiento durante el servicio automático. La apertura de estos paneles durante el servicio automático no provoca una parada de la máquina, lo que puede ocasionar un peligro de daños personales. Además, antes de conectar la máquina se debe asegurar que todos los paneles de mantenimiento están cerrados.

Si es necesario realizar tareas de mantenimiento en la máquina mientras está en funcionamiento, se deben utilizar las puertas controladas con interruptor de seguridad. Estas puertas están equipadas con un enclavamiento electrónico de seguridad que se acciona automáticamente cuando la máquina está en funcionamiento. La máquina solo puede entrar en funcionamiento cuando las puertas controladas con interruptor de seguridad están cerradas, y en caso de apertura, también se abre el circuito eléctrico de la máquina que pasa por los interruptores, lo que provoca la desconexión de los distintos sistemas y la parada de la máquina.

En resumen, no se deben abrir los paneles de mantenimiento durante el servicio automático, y se deben utilizar las puertas controladas con interruptor de seguridad si es necesario realizar tareas de mantenimiento en la máquina mientras está en funcionamiento.",0.7802653312683105
Tablas / extracción,"Devuélveme una tabla con: {Tensión de red, Potencia instalada, Espacio en planta, Peso total}.",3×380 VAC-50 Hz;  57 kW;  4000×5000 mm;  25 Tn,"Aquí está la tabla que solicitó:

| Parámetro            | Valor               |
|----------------------|---------------------|
| Tensión de red       | 380 V               |
| Potencia instalada  | 57 kW              |
| Espacio en planta    | No especificado    |
| Peso total           | Aprox. 25 Tn       |

Tenga en cuenta que el espacio en planta no se especifica en el contexto, así que no pude incluirlo en la tabla. Además, el peso total se aproxima a 25 Tn, pero se recomienda verificar este valor en la documentación de la máquina antes de cualquier manejo o instalación.",0.7605847120285034
Tablas / extracción,Lista las normas armonizadas citadas en la declaración CE.,EN ISO 12100;  EN 60204-1;  EN ISO 13857 (entre otras),"En la declaración CE se citan las siguientes normas armonizadas:

1. EN ISO 12100
2. EN 60204-1
3. EN ISO 13857
4. EN 349
5. EN ISO 13850
6. EN ISO 14120
7. EN ISO 13849-1
8. EN ISO 4413
9. EN ISO 4414
10. EN 14118
11. EN 50370-1
12. EN 50370-2

Cada una de estas normas armonizadas establece requisitos específicos que deben cumplir las máquinas antes de ser comercializadas dentro de la Unión Europea. La lista incluye normas relacionadas con la seguridad general de las máquinas, la compatibilidad electromagnética, la seguridad del diseño y la construcción, los requisitos ergonómicos, y los requisitos de rendimiento y verificación de los sistemas de control. Al cumplir con estas normas, se garantiza que la máquina cumple con los requisitos esenciales de salud y seguridad de la Directiva de Máquinas 2006/42/CE.",0.8099629878997803
Tablas / extracción,Enumera todos los prefijos de variables del 8070 con su significado.,A: eje/cabezal;  C: llamada a ciclos;  E: interfaz;  G: generales;  MPA: ejes/cabezal;  MPG: generales;  MPK: cinemáticas;  MPM: funciones M;  MPMAN: modo manual;  MTB: OEM;  P: usuario local;  PLC: PLC;  S: usuario global;  SP: cabezal;  TM: herramientas/almacenes,ERROR: HTTPStatusError,0.7706718444824219
